著	チョ ・ あらわす ・ いちじるしい		general
視	シ		general
謁	エツ		general
謹	キン ・ つつしむ		general
賓	ヒン		general
贈	ソウ ・ ゾウ ・ おくる		general
逸	しんにょう		general
難	ナン ・ かたい ・ むずかしい		general
響	キョウ ・ ひびく		general
社	シャ ・ やしろ		general
祉	ツ		general
祈	キ ・ いのる		general
祐	ユウ ・ たすけ ・ たすける		general
祖	ソ		general
祝	シュウ ・ シュク ・ いわう		general
禍	カ		general
禎	テイ ・ さいわい		general
穀	コク		general
突	トツ ・ つく		general
節	セチ ・ セツ ・ ふし		general
練	コウ		general
繁	ハン		general
署	ショ		general
者	シャ ・ もの		general
臭	シュウ ・ くさい		general
鷗	オウ ・ かもめ	seagull; tern	general
俱	ク ・ ともに	all; together; accompany	general
卽	ソク ・ ショク ・ つく ・ すなわち ・ もし	promptly	general
吞	ドン ・ トン ・ テン ・ のむ	swallow; absorb; annex; engulf	general
增	ゾウ ・ ソウ ・ ます ・ ふえる ・ ふやす	increase; add to; augment	general
寬	カン ・ ひろい ・ ゆるやか ・ くつろぐ	broad; wide; spacious; vast	general
巢		nest; living quarter in tree	general
徵	チョウ ・ チ ・ しるし ・ めす	summon; recruit; musical note	general
德	トク ・ おしえ	ethics; morality; virtue	general
揭	ケイ ・ ケツ ・ かかげる	raise; lift up; surname	general
晚	バン ・ くれ ・ おそい	night; evening; late	general
曆	レキ ・ こよみ	calendar; era	general
橫	オウ ・ コウ ・ よこ ・ よこたわる ・ よこたえる ・ よこ ・ よこたわる ・ よこたえる	across; horizontal; lateral	general
步	ホ ・ ブ ・ フ ・ あるく ・ あゆむ ・ あゆみ	step; pace; walk; stroll	general
歷		take place; past; history	general
每	マイ ・ バイ ・ つね	every; each	general
涉	ショウ ・ わたる ・ かかわる	ford stream; wade across	general
淚	ルイ ・ レイ ・ なみだ	tears; weep; cry	general
渴	カツ ・ かわく ・ かわき	thirsty; parched; yearn; pine	general
溫	オン ・ ウン ・ あたたか ・ あたためる	lukewarm; warm; tepid; mild	general
瀨	ライ ・ せ	swift current; rapids	general
狀	ジョウ	form; appearance; shape; official	general
簞	タン ・ はこ	small bamboo basket for holding	general
綠	リョク ・ ロク ・ みどり	green; chlorine	general
緖	ショ ・ チョ ・ お ・ いとぐち	end of thread; thread; clue	general
緣	エン ・ ふち ・ へり ・ よる	hem; margin; reason; cause; karma; fate	general
薰	クン ・ かおる ・ かおりぐさ ・ かおり	a medicinal herb; to cauterize	general
虛	キョ ・ コ ・ むなしい	false; worthless; empty; hollow	general
蟬	セン ・ ゼン ・ せみ	cicada; continuous	general
賴	ライ ・ たのむ ・ たよる ・ たより	rely; depend on; accuse falsely	general
郞	ロウ ・ おとこ	gentleman	general
錄	ロク ・ リョ ・ しるす	copy; write down; record	general
鍊	レン ・ ねる	smelt metals; forge; refine	general
黃	コウ ・ オウ ・ き	yellow; surname	general
黑	コク ・ くろい ・ くろ	black; dark; evil; sinister	general
欄		railing; balustrade; animal pan	general
廊		corridor; porch; veranda	general
朗		clear; bright; distinct	general
虜		capture; imprison; seize; prison	general
類		class; group; kind; category	general
猪	チョ ・ いのしし ・ い	pig	general
神	シン ・ ジン ・ かみ ・ こう ・ たましい	spirit	general
祥	ショウ ・ さいわい	good luck	general
福	フク ・ さいわい ・ ひもろぎ	happiness	general
諸	ショ ・ もろ ・ これ	several	general
都			general
侮	ブ ・ あなどる		general
僧	ソウ		general
勉	ベン		general
勤	キン ・ ゴン ・ つとまる ・ つとめる		general
卑	ヒ ・ いやしい ・ いやしむ ・ いやしめる		general
嘆	タン ・ なげかわしい ・ なげく		general
器	キ ・ うつわ		general
墨	ボク ・ すみ		general
層	ソウ		general
悔	カイ ・ くいる ・ くやしい ・ くやむ		general
憎	ゾウ ・ にくい ・ にくしみ ・ にくむ ・ にくらしい		general
懲	チョウ ・ こらしめる ・ こらす ・ こりる		general
敏	ビン		general
暑	ショ ・ あつい		general
梅	バイ ・ うめ		general
海	カイ ・ うみ		general
渚	ショ ・ なぎさ		general
漢	カン		general
煮	シャ ・ にえる ・ にやす ・ にる		general
琢	タク ・ みがく		general
碑	ヒ		general
頰	キョウ ・ ほお ・ ほほ	cheeks; jaw	general
醬	ショウ ・ ひしお	any jam-like or paste-like food	general
萊	ライ ・ リ ・ あかざ ・ あれわ ・ こうがい	goosefoot; weed; fallow field	general
蔣	ショウ ・ ソウ ・ まこも ・ はげます	surname; hydropyrum latifalium	general
蠟	ロウ ・ みつろう ・ ろうそく	wax; candle; waxy; glazed	general
繡	シュウ ・ ぬいとり	embroider; embroidery; ornament	general
繫	ケイ ・ つなぐ ・ かかる ・ かける	attach; connect; unite; fasten	general
瘦	ソウ ・ チュウ ・ シュウ ・ チュ ・ やせる	thin; emaciated; lean; meager	general
禱	トウ ・ いのる ・ まつる	pray; entreat; beg; plead; prayer	general
焰	エン ・ ほのお	flame; blaze; glowing; blazing	general
摑	カク ・ つかむ ・ つかまえる ・ つかまる	box one's ears; slap	general
擊	ゲキ ・ うつ	strike; hit; beat; attack; fight	general
俠	キョウ ・ キャン ・ おとこだて	chivalrous person; chivalry; knight-errant; tomboy	general
陷	カン ・ おちいる ・ おとしいれる	fall into; cave in; fall (castle); slide into	general
險	ケン ・ けわしい	inaccessible place; impregnable position; steep place; sharp eyes	general
雜	ザツ ・ ゾウ ・ まじえる ・ まじる	mixed; blended; mix; mingle	general
靜	セイ ・ ジョウ ・ しず- ・ しずか ・ しずまる ・ しずめる	quiet	general
顯	ケン ・ あきらか ・ あらわれる	manifest; display; evident; clear	general
騷	ソウ ・ さわぐ ・ うれい ・ さわがしい	harass; bother; annoy; disturb; agitate; sad; grieved	general
驍	ギョウ ・ キョウ ・ たけし ・ つよい	strong; good horse; gallant; brave; ferocious	general
驗	ケン ・ ゲン ・ あかし ・ しるし ・ ためす ・ ためし	verification; effect; testing	general
髮	ハツ ・ かみ	hair	general
鷄	ケイ ・ にわとり ・ とり	chicken	general
麒	キ	Chinese unicorn; genius; giraffe; bright; shining	general
齊	セイ ・ サイ ・ そろう ・ ひとしい ・ ひとしく ・ あたる ・ はやい	alike; equal; similar; Saito	general
堯	ギョウ ・ たかい	high; far	general
槇	テン ・ シン ・ まき ・ こずえ	twig; Chinese black pine	general
遙	ヨウ ・ はるか	far off; distant; long ago	general
衞	エイ ・ エ ・ まもる	defense	general
裝	ソウ ・ ショウ ・ よそおう ・ よそおい	dress; pretend; disguise; profess	general
覽	ラン ・ みる	look at; inspect; perceive	general
謠	ヨウ ・ うたう ・ うた	chant (esp. Noh); folksong; ballad	general
讓	ジョウ ・ ゆずる	allow; permit; yield; concede	general
賣	バイ ・ うる ・ うれる	sell; betray; show off	general
轉	テン ・ ころがる ・ ころげる ・ ころがす ・ ころぶ ・ まろぶ ・ うたた ・ うつる	shift; move; turn	general
逞	テイ ・ たくましい	sturdy; brawny; bold	general
醉	スイ ・ よう ・ よい	get drunk; feel sick; poisoned; elated; spellbound	general
釀	ジョウ ・ かもす	brew; cause	general
釉	ユウ ・ うわぐすり	glaze; enamel	general
鎭	チン ・ しずめる ・ しずまる ・ おさえ	ancient peace-preservation centers	general
鑄	チュウ ・ シュ ・ シュウ ・ いる	cast; mint	general
苺	バイ ・ マイ ・ いちご	strawberry	general
莊	ソウ ・ ショウ ・ チャン ・ ほうき ・ おごそか	broom	general
萠	ホウ ・ もえる ・ きざす ・ めばえ ・ きざし	show symptoms of; sprout; bud; malt	general
蕾	ライ ・ つぼみ	bud (plants, mushrooms not yet opened)	general
藥	ヤク ・ くすり	medicine; chemical; enamel; gunpowder; benefit	general
粹	スイ ・ いき	pure; unadulterated; select	general
縣	ケン ・ かける	county; district; subdivision	general
縱	ジュウ ・ たて	indulge in; give free reign to	general
纖	セン	fine; slender; thin kimono	general
羚	レイ ・ リョウ ・ かもしか	antelope	general
飜	ハン ・ ホン ・ ひるがえす ・ ひるがえる	flip over; upset; capsize	general
聽	チョウ ・ きく ・ ゆるす	careful enquiry; headstrong	general
臟	ゾウ ・ はらわた	viscera; bowels	general
與	ヨ ・ あたえる ・ あずかる ・ くみする ・ ともに	participate in; give; award; impart; provide; cause	general
滯	タイ ・ テイ ・ とどこおる	block up; obstruct; stagnant	general
澁	ジュウ ・ シュウ ・ しぶ ・ しぶい ・ しぶる	astringent; harsh; uneven; rough	general
濕	シツ ・ シュウ ・ しめる ・ しめす ・ うるおう ・ うるおす	wet; moist; humid; damp; an illness	general
煌	コウ ・ きらめく ・ きらめく ・ かがやく	glitter; gleam; twinkle	general
燒	ショウ ・ やく ・ やける	burn; bake; heat; roast	general
爭	ソウ ・ あらそう ・ いかでか	to dispute; fight; contend; strive	general
爲	イ ・ ため ・ なる ・ なす ・ する ・ たり ・ つくる ・ なり	change; be of use; reach to; do; try; practice; cost; serve as	general
狹	キョウ ・ コウ ・ せまい ・ せばめる ・ せばまる ・ さ	narrow; contract; reduce; tight; limited	general
默	ボク ・ モク ・ だまる ・ もだす	silent; quiet; still; dark	general
獸	ジュウ ・ けもの ・ けだもの	beast; animal; bestial	general
珈	カ ・ かみかざり	ornamental hairpin	general
珀	ハク	amber	general
琥	コ	jewelled utensil	general
疊	ジョウ ・ チョウ ・ たたむ ・ たたみ ・ かさなる ・ かさねる	tatami; counter for tatami mats; fold; shut up; do away with	general
盡	ジン ・ サン ・ つくす ・ つきる ・ つかす ・ さかづき ・ ことごとく	exhaust; use up; run out of; deplete; befriend; serve	general
碎	サイ ・ くだく ・ くだける	break; smash; broken; busted	general
祕	ヒ ・ ひめる ・ かくす	mysterious; secret; abstruse	general
祿	ロク ・ さいわい ・ ふち	fief; allowance; pension; grant; happiness	general
禪	ゼン ・ セン ・ しずか ・ ゆずる	Zen Buddhism; silent meditation	general
禮	レイ ・ ライ	social custom; manners; courtesy; rites	general
稟	リン ・ ヒン ・ こめぐら	salary in rice	general
稻	トウ ・ テ ・ いね ・ いな-	rice plant	general
穗	スイ ・ ほ	ear (of grain); head; crest (of wave)	general
穰	ジョウ ・ わら ・ ゆたか	abundance	general
樣	ヨウ ・ ショウ ・ さま	Esq.; way; manner; situation; polite suffix	general
橙	トウ ・ だいだい	bitter orange	general
檢	ケン ・ しらべる	check; examine	general
櫂	トウ ・ タク ・ かい ・ かじ	oar; scull; paddle	general
櫻	オウ ・ ヨウ ・ さくら	cherry	general
盜	トウ ・ ぬすむ	thief; to steal	general
氣	キ ・ ケ ・ いき	spirit; mind; air; atmosphere; mood	general
淨	ジョウ ・ セイ ・ きよめる ・ きよい	pure; clean; unspoiled	general
懷	カイ ・ エ ・ ふところ ・ なつかしい ・ なつかしむ ・ なつく ・ なつける ・ いだく ・ おもう	pocket; feelings; heart; yearn; miss someone; become attached to; bosom; breast	general
戰	セン ・ いくさ ・ たたかう ・ おののく ・ そよぐ	war; fighting; battle	general
戲	ギ ・ ゲ ・ たわむれる ・ たわむれ	play; frolic; sport	general
拔	バツ ・ ハイ ・ ぬく ・ ぬける ・ ぬかす ・ ぬかる	extract; pull out; pilfer; quote; remove; omit	general
拜	ハイ ・ おがむ ・ おろがむ	worship; adore; pray to	general
拂	ヒツ ・ フツ ・ ホツ ・ はらう	clear out; sweep away	general
搖	ヨウ ・ ゆれる ・ ゆらぐ ・ ゆるぐ ・ ゆする ・ ゆさぶる ・ ゆすぶる ・ うごく	wag; swing; wave; shake; scull	general
攝	セツ ・ ショウ ・ おさめる ・ かねる ・ とる	surrogate; act in addition to	general
收	シュウ ・ おさめる ・ おさまる	income	general
敍	ジョ ・ ついず ・ ついで	express; state; relate; narrate	general
昊	コウ ・ そら	sky; big	general
晄	コウ ・ あきらか	clear	general
晝	チュウ ・ ひる	daytime; daylight	general
曉	キョウ ・ ギョウ ・ あかつき ・ さとる	dawn; daybreak; clear; explicit	general
曖	アイ ・ くらい	dark; not clear	general
條	ジョウ ・ チョウ ・ デキ ・ えだ ・ すじ	article; ray of light	general
梛	ダ ・ ナ ・ なぎ	type of tall evergreen tree	general
榮	エイ ・ ヨウ ・ さかえる ・ はえる ・ え	flourish; prosperity; honour; glory; splendour	general
樂	ガク ・ ラク ・ ゴウ ・ たのしい ・ たのしむ ・ このむ	music; comfort	general
單	タン ・ ひとえ	one; single; simple	general
嚴	ゲン ・ ゴン ・ おごそか ・ きびしい ・ いかめしい ・ いつくし	strictness; severity; rigidity	general
圈	ケン ・ かこい	sphere; circle; radius; range	general
國	コク ・ くに	country	general
圓	エン ・ まるい ・ まる ・ まど ・ まどか ・ まろやか	yen; circle; round	general
團	ダン ・ トン ・ かたまり ・ まるい	association	general
壞	カイ ・ エ ・ こわす ・ こわれる ・ やぶる	demolition; break; destroy	general
壘	ルイ ・ ライ ・ スイ ・ とりで	fort; rampart; walls; base(ball)	general
壯	ソウ ・ さかん	big; large; robust; name of tribe	general
壽	ジュ ・ ス ・ シュウ ・ ことぶき ・ ことぶく ・ ことほぐ	longevity; congratulations	general
奧	オウ ・ オク ・ おくまる ・ くま	heart; interior	general
奬	ショウ ・ ソウ ・ すすめる	prize; reward; give award to	general
孃	ジョウ ・ むすめ	girl; Miss; daughter	general
實	ジツ ・ シツ ・ み ・ みのる ・ まことに ・ みのり ・ みちる	truth; reality	general
寢	シン ・ ねる ・ ねかす ・ いぬ ・ みたまや ・ やめる	sleep; rest; bed chamber	general
將	ショウ ・ ソウ ・ まさに ・ はた ・ ひきいる ・ もって	commander; general; admiral	general
專	セン ・ もっぱら	specialty; exclusive; mainly; solely	general
峽	キョウ ・ コウ ・ はざま	gorge; strait; ravine; isthmus	general
巖	ガン ・ いわ ・ いわお ・ けわしい	rock; crag; boulder	general
帶	タイ ・ おびる ・ おび	belt; girdle; band; strap; zone	general
廳	チョウ ・ テイ ・ やくしょ	hall; central room	general
彈	ダン ・ タン ・ ひく ・ はずむ ・ たま ・ はじく ・ はじける ・ ただす	bullet; twang; flip; snap	general
彌	ミ ・ ビ ・ いや ・ や ・ あまねし ・ いよいよ ・ とおい ・ ひさし ・ ひさしい ・ わたる	extensive; full; fill; complete	general
從	ジュウ ・ ショウ ・ ジュ ・ したがう ・ したがえる ・ より	from; by; since; whence; through	general
徠	ライ ・ きたす ・ きたる ・ くる	induce; encourage to come	general
恆	コウ ・ つねに	constant; regular; persistent	general
惡	アク ・ オ ・ わるい ・ あし ・ にくい ・ ああ ・ いずくに ・ いずくんぞ ・ にくむ	bad; evil	general
惠	ケイ ・ エ ・ めぐむ ・ めぐみ	blessing; grace; favor; kindness	general
惺	セイ ・ さとる	realize	general
愼	シン ・ つつしむ ・ つつしみ	care; chastity	general
應	オウ ・ ヨウ ・ あたる ・ まさに ・ こたえる	answer; yes; OK; reply; accept	general
杷	ハ ・ つか	kind of rake	general
盃	ハイ ・ さかずき	glass; cup	general
煤	バイ ・ マイ ・ すす	soot; smoke dried	general
這	シャ ・ ゲン ・ はう ・ はい ・ むかえる ・ この	crawl; creep; grovel; trail (vines)	general
秤	ショウ ・ ヒン ・ ビン ・ はかり	balances; scales; steelyard	general
箔	ハク ・ すだれ	foil; gilt	general
曝	バク ・ ホク ・ ボク ・ さらす	bleach; refine; expose; air	general
莫	バク ・ ボ ・ マク ・ モ ・ ナイ ・ くれ ・ なかれ ・ なし	must not; do not; be not	general
筈	カツ ・ はず ・ やはず	notch of an arrow; ought; must; should be; expected	general
挽	バン ・ ひく	saw; turn (lathe); grind	general
庇	ヒ ・ ひさし ・ おおう ・ かばう	protect; shield; defend; eaves; canopy; penthouse; visor	general
枇	ビ ・ ヒ	spoon	general
毘	ヒ ・ ビ ・ たすける	help; assist	general
疋	ヒキ ・ ショ ・ ソ ・ ヒツ ・ あし	head; counter for animals	general
肘	チュウ ・ ひじ	elbow; arm	general
畢	ヒツ ・ おわる ・ あみ ・ おわり ・ ことごとく	the end; finish	general
紐	チュウ ・ ジュウ ・ ひも	string; cord; braid; lace; tape; strap; ribbon	general
瓢	ヒョウ ・ ひさご ・ ふくべ	gourd	general
豹	ヒョウ ・ ホウ	leopard; panther	general
斧	フ ・ おの	ax; hatchet	general
葡	ブ ・ ホ	wild grape; Portugal	general
蕪	ブ ・ ム ・ かぶ ・ かぶら ・ あれる	turnip	general
葺	シュウ ・ あし ・ ふく ・ ふき	thatch; cover; shingle; tile	general
吻	フン ・ ブン ・ くちわき ・ くちさき	proboscis	general
焚	フン ・ ホン ・ ハン ・ たく ・ やく ・ やきがり	burn; kindle; build a fire; boil; cook	general
蔽	ヘイ ・ ヘツ ・ フツ ・ おおう ・ おおい	cover; shade; mantle; capsize; be ruined	general
頁	ケツ ・ ぺえじ ・ おおがい ・ かしら	page; leaf	general
瞥	ベツ ・ ヘツ	glance at	general
娩	ベン	bear (children)	general
鞭	ベン ・ ヘン ・ むち ・ むちうつ	whip; rod; counter for whippings	general
圃	ホ ・ フ ・ はたけ ・ にわ	garden; field	general
戊	ボ ・ ボウ ・ つちのえ	5th calendar sign	general
蓬	ホウ ・ ブ ・ よもぎ	sagebrush; wormwood; mugwort	general
鋒	ホウ ・ ほこさき	dagger; sword's point; festival car; float	general
貌	ボウ ・ バク ・ かたち ・ かたどる	form; appearance; countenance	general
卜	ボク ・ うらなう ・ うらない	divining; fortune-telling; divination or katakana to radical (no. 25)	general
勃	ボツ ・ ホツ ・ おこる ・ にわかに	suddenness; rise	general
殆	タイ ・ サイ ・ ほとほと ・ ほとんど ・ あやうい	almost; quite; really	general
昧	マイ ・ バイ ・ くらい ・ むさぼる	dark; foolish	general
哩	リ ・ まいる	mile	general
沫	マツ ・ バツ ・ あわ ・ しぶき ・ つばき	splash; suds	general
迄	キツ ・ まで ・ およぶ	until; up to; as far as; to the extent	general
蔓	マン ・ バン ・ はびこる ・ つる	vine; tendril; influence; connections; good offices; spread; sprawl; thrive; rampant; powerful	general
蓑	サ ・ サイ ・ みの	straw raincoat	general
姪	テツ ・ チツ ・ ジチ ・ イツ ・ イチ ・ めい ・ おい	niece	general
勿	モチ ・ ブツ ・ ボツ ・ なかれ ・ なし	not; must not; do not; be not	general
尤	ユウ ・ もっとも ・ とがめる	reasonable; just; natural; superb; outstanding; plausible	general
籾	もみ	unhulled rice; (kokuji)	general
輿	ヨ ・ かご ・ こし	palanquin; bier	general
傭	ヨウ ・ チョウ ・ やとう ・ あたい ・ ひとしい	employ; hire	general
螺	ラ ・ にし ・ にな	small, edible, helical fresh-water mollusk	general
裡	リ ・ うち ・ うら	reverse; inside; palm; sole; rear; lining; wrong side	general
掠	リャク ・ リョウ ・ かすめる ・ かする ・ かすれる	pillage; rob; graze; skim; sweep over; cheat; hint	general
侶	リョ ・ ロ ・ とも	companion; follower	general
淋	リン ・ さびしい ・ さみしい	lonely; deserted	general
憐	レン ・ あわれむ ・ あわれ	pity; have mercy; sympathise; compassion	general
漣	レン ・ ラン ・ さざなみ	ripples	general
煉	レン ・ ねる	refine metals; kneading over fire	general
簾	レン ・ すだれ ・ す	bamboo screen; rattan blind	general
櫓	ロ ・ やぐら ・ おおだて	oar; tower	general
肋	ロク ・ あばら	rib	general
亙	コウ ・ カン ・ わたる ・ もとめる	range; reach; extend; cover	general
椀	ワン ・ はち	wooden or lacquered bowl	general
碗	ワン ・ こばち	porcelain bowl; tea cup	general
乘	ジョウ ・ のる ・ のせる	power; multiplication; record; counter for vehicles	general
亞	ア ・ つぐ	rank; follow	general
佛	ブツ ・ フツ ・ ほとけ	France	general
來	ライ ・ タイ ・ くる ・ きたる ・ きたす ・ きたす ・ きたる	come; due; next; cause; become	general
俐	リ ・ かしこい	clever	general
傳	テン ・ デン ・ つたわる ・ つたえる ・ つたう ・ つて	summon; propagate; transmit	general
僞	ギ ・ カ ・ いつわる ・ いつわり ・ にせ	lie; falsehood; deceive; pretend	general
價	カ ・ ケ ・ あたい	price; value	general
儉	ケン ・ つましい ・ つづまやか	economy; thrifty	general
兒	ジ ・ ニ ・ ゲイ ・ こ	child; young of animals	general
凉	リョウ ・ すずしい ・ すずむ ・ すずやか ・ うすい ・ ひやす ・ まことに	nice and cool	general
凛	リン ・ きびしい	cold	general
凰	コウ ・ オウ ・ おおとり	female phoenix bird	general
刹	セチ ・ セツ ・ サツ	temple	general
剩	ジョウ ・ あまつさえ ・ あまり ・ あまる	leftovers; residue; remains	general
劍	ケン ・ つるぎ	sword	general
勳	クン ・ いさお	meritorious deed; merits; rank	general
卷	カン ・ ケン ・ まく ・ まき	volume; book; part	general
兎	ト ・ ツ ・ うさぎ	rabbit; hare	general
堵	ト ・ かき	fence; railing; enclosure	general
砥	シ ・ テイ ・ キイ ・ チ ・ と ・ といし ・ とぐ ・ みがく ・ たいらにする	whetstone; grindstone	general
套	トウ ・ かさねる	hackneyed	general
董	トウ ・ ただす	correct	general
撞	ドウ ・ トウ ・ シュ ・ つく	thrust; pierce; stab; prick	general
萄	ドウ ・ トウ	grape vine; wild grape	general
鳶	エン ・ とび ・ とんび	black kite; fireman; hook	general
沌	トン ・ くらい	primeval chaos	general
遁	トン ・ シュン ・ のがれる	flee; escape; shirk; evade; set free	general
頓	トン ・ トツ ・ にわかに ・ とんと ・ つまずく ・ とみに ・ ぬかずく	suddenly; immediately; in a hurry	general
薙	テイ ・ チ ・ なぐ ・ なぎ ・ かる	mow down (the enemy)	general
馴	ジュン ・ シュン ・ クン ・ なれる ・ ならす ・ したがう	get used to; experienced; tamed	general
汝	ジョ ・ なんじ ・ なれ ・ い ・ うぬ ・ いまし ・ し ・ しゃ ・ な ・ なむち ・ まし ・ みまし	you; thou	general
賑	シン ・ にぎわい ・ にぎやか ・ にぎわす ・ にぎわう	flourish; be bustling; prosperity	general
廿	ジュウ ・ ニュウ ・ にじゅう	twenty; 20	general
禰	ネ ・ デイ ・ ナイ	ancestral shrine	general
祢	ネ ・ デイ ・ ナイ	ancestral shrine	general
捻	ネン ・ ジョウ ・ ねじる ・ ねじる ・ ひねくる ・ ひねる	twirl; twist; play with	general
埜	ヤ ・ ショ ・ の	open country; field; wilderness	general
詢	ジュン ・ シュン ・ はかる ・ まこと	consult with	general
諄	シュン ・ ひちくどい ・ くどい ・ くどくど ・ ねんごろ	tedious	general
赳	キュウ	strong and brave	general
迪	テキ ・ みち ・ みちびく ・ すすむ ・ いたる	edify; way; path	general
頌	ショウ ・ ジュ ・ ヨウ ・ かたち ・ たたえる ・ ほめる	eulogy	general
颯	サツ ・ ソウ ・ さっと	suddenly; smoothly	general
黎	レイ ・ リ ・ くろい	dark; black; many	general
凜	リン ・ きびしい	cold; strict; severe	general
熙	キ ・ たのしむ ・ ひかる ・ ひろい ・ よろこぶ ・ かわく ・ あきらか ・ ひろめる ・ ひろまる	bright; sunny; prosperous; merry	general
娃	ア ・ アイ ・ ワ ・ うつくしい	beautiful	general
斡	アツ ・ カン ・ ワツ ・ めぐる ・ めぐらす	go around; rule; administer	general
宛	エン ・ あてる ・ -あて ・ -づつ ・ あたかも	address; just like; fortunately	general
按	アン ・ おさえる ・ しらべる	hold; consider; investigate	general
謂	イ ・ いう ・ いい ・ おもう ・ いわゆる	reason; origin; history; oral tradition	general
鰯	いわし	sardine; (kokuji)	general
迂	ウ	roundabout way	general
窺	キ ・ うかがう ・ のぞく	lie in wait; spy on; reconnoiter	general
姥	ボ ・ モ ・ うば	old woman	general
厩	キュウ ・ うまや	barn; stable	general
閏	ジュン ・ うるう	intercalation; illegitimate throne	general
云	ウン ・ いう ・ ここに	say	general
曳	エイ ・ ひく	pull; tug; jerk; admit; install; quote; refer to	general
薗	エン ・ オン	garden; yard; farm	general
甥	セイ ・ ソウ ・ ショウ ・ おい ・ むこ	nephew	general
襖	オウ ・ ふすま ・ あお	opaque sliding door	general
臆	オク ・ ヨク ・ むね ・ おくする	timidity; heart; mind; fear; cowardly	general
禾	カ ・ いね	2-branch tree radical (no. 115)	general
嘩	カ ・ ケ ・ かまびすしい	noisy	general
俄	ガ ・ にわか	sudden; abrupt; improvised	general
臥	ガ ・ ふせる ・ ふせる ・ ふす	bend down; bow; lie prostrate	general
駕	カ ・ ガ ・ かご ・ がする ・ しのぐ ・ のる	vehicle; palanquin; litter; hitch up an animal	general
廻	カイ ・ エ ・ まわる ・ まわす ・ もとおる ・ めぐる ・ めぐらす	round; game; revolve; go around; circumference	general
恢	カイ ・ ケ ・ ひろい	wide; large; enlarge	general
晦	カイ ・ つごもり ・ くらい ・ みそか ・ くらむ	dark; disappear	general
崖	ガイ ・ ゲ ・ ギ ・ がけ ・ きし ・ はて	cliff; bluff; precipice	general
鎧	カイ ・ ガイ ・ よろう ・ よろい	put on armor; arm oneself	general
浬	リ ・ かいり ・ のっと	knot; nautical mile	general
恰	コウ ・ カッ ・ チョウ ・ キョウ ・ あたかも	just as; as though; fortunately	general
椛	かば ・ もみじ	birch; maple	general
鞄	ハク ・ ホウ ・ ビョウ ・ かばん	suitcase; bag; briefcase	general
柑	コン ・ カン	citrus; orange	general
徽	キ ・ しるし	good; beautiful; badge	general
掬	キク ・ コク ・ きくす ・ むすぶ ・ すくう ・ たなごころ	scoop up water with the hand	general
桔	キツ ・ ケツ	used in plant names	general
砧	チン ・ きぬた	fulling block	general
汲	キュウ ・ くむ	draw (water); ladle; scoop; pump	general
灸	キュウ ・ ク ・ やいと	moxa cautery; chastisement	general
笈	キュウ	backpack bookcase	general
鋸	キョ ・ コ ・ のこ ・ のこぎり	saw (cuts wood)	general
蕎	キョウ ・ そば	buckwheat	general
僅	キン ・ ゴン ・ わずか	a wee bit	general
巾	キン ・ フク ・ おおい ・ ちきり ・ きれ	towel; hanging scroll; width; cloth radical (no. 50)	general
禽	キン ・ とり ・ とりこ	bird; captive; capture	general
駈	ク ・ かける ・ かる	run; gallop; advance	general
喰	くう ・ くらう	eat; drink; receive (a blow); (kokuji)	general
屑	セツ ・ くず ・ いさぎよい	rubbish; junk; trash; waste; scraps	general
窟	クツ ・ コツ ・ いわや ・ いはや ・ あな	cavern	general
沓	トウ ・ くつ	shoes; boots	general
鍬	ショウ ・ シュウ ・ くわ ・ すき	hoe with long blade at acute angle	general
祁	キ ・ ケ	intense; large	general
詣	ケイ ・ ゲイ ・ けいする ・ まいる ・ いたる ・ もうでる	visit a temple	general
戟	ゲキ ・ ほこ	halbert; arms	general
隙	ゲキ ・ キャク ・ ケキ ・ すき ・ すく ・ すかす ・ ひま	crevice; fissure; discord; opportunity; leisure; also N5013	general
桁	コウ ・ けた	beam; girder; spar; unit or column (accounting)	general
訣	ケツ ・ わかれ ・ わかれる	separation; part; secret	general
倦	ケン ・ あきる ・ あぐむ ・ あぐねる ・ うむ ・ つかれる	lose interest in; tire of	general
捲	ケン ・ まく ・ まくる ・ まくる ・ めくる ・ まくれる	roll; wind; coil; turn pages; roll up sleeves; strip off; be turned; be rolled up	general
牽	ケン ・ ひく	pull; tug; jerk; admit; install; quote; refer to	general
舷	ゲン ・ ふなべい ・ ふなばた	gunwale	general
諺	ゲン ・ ことわざ	proverb	general
乎	コ ・ オ ・ か ・ ああ ・ かな ・ や ・ よ ・ を	question mark; ?	general
糊	コ ・ ゴ ・ コツ ・ のり	paste; glue; sizing	general
跨	コ ・ カ ・ またがる ・ またがる ・ またぐ	be; sit or stand astride; extend over; straddle	general
檎	キン ・ ゴン ・ ゴ	pear; apple	general
醐	ゴ ・ コ	boiled butter	general
勾	コウ ・ ク ・ かぎ ・ まがる	be bent; slope; capture	general
庚	コウ ・ かのえ	7th; 7th calendar sign	general
梗	コウ ・ キョウ ・ ふさぐ ・ やまにれ ・ おおむね	for the most part; close up	general
腔	コウ	body cavity	general
膏	コウ ・ あぶら	fat; grease; lard; paste; ointment; plaster	general
閤	コウ ・ くぐりど	small side gate	general
劫	コウ ・ ゴウ ・ キョウ ・ おびやかす	threat; long ages	general
忽	コツ ・ たちまち ・ ゆるがせ	in a moment; instantly; all of a sudden; neglect; disregard	general
昏	コン ・ くらい ・ くれ	dark; evening; dusk	general
些	サ ・ シャ ・ ちと ・ ちっと ・ いささか	a little bit; sometimes	general
叉	サ ・ シャ ・ サイ ・ また	fork in road; crotch	general
塞	ソク ・ サイ ・ ふさぐ ・ とりで ・ みちる	close; shut; cover; block; obstruct	general
肴	コウ ・ さかな	accompaniment for drinks	general
柵	サク ・ サン ・ しがらむ ・ しがらみ ・ とりで ・ やらい	stockade; fence; wier; entwine around	general
窄	サク ・ すぼめる ・ つぼめる ・ せまい	narrow; fold; furl; shrug; pucker; shut; close	general
拶	サツ ・ せまる	be imminent	general
錆	ショウ ・ セイ ・ さび ・ くわしい	tarnish	general
晒	サイ ・ シ ・ さらす ・ さらし	bleach; refine; expose; air	general
撒	サン ・ サツ ・ まく	scatter; sprinkle; give them the slip	general
珊	サン ・ センチ ・ さんち	stagger; loneliness; centimeter	general
纂	サン ・ あつめる	editing; compiling	general
仔	シ ・ こ ・ たえる	offspring	general
斯	シ ・ か ・ こう ・ かく ・ この ・ これ ・ ここに	this; thus; such; verbal pause	general
而	ジ ・ ニ ・ しこうして ・ しかして ・ しかも ・ しかれども ・ すなわち ・ なんじ ・ しかるに	rake	general
竺	ジク ・ チク ・ トク	bamboo	general
悉	シツ ・ シチ ・ つきる ・ ことごと ・ ことごとく ・ つくす ・ つぶさに	all; entirely; altogether; completely; use up; run out of; exhaust; befriend; serve	general
灼	シャク ・ あらた ・ やく	miraculous	general
惹	ジャク ・ ジャ ・ ひく	attract; captivate	general
蒐	シュウ ・ あかね ・ あつまる ・ あつめる	gather	general
輯	シュウ ・ あつめる ・ やわらぐ	gather; collect; compile	general
楯	ジュン ・ たて	shield; buckler; pretext	general
嘗	ショウ ・ ジョウ ・ かつて ・ こころみる ・ なめる	once; before; formerly; ever; never; ex-; lick; lap up; burn up; taste; undergo; underrate; despise	general
裳	ショウ ・ も ・ もすそ	skirt	general
鞘	ショウ ・ ソウ ・ さや	sheath; case; margin; difference; shells (of beans)	general
燭	ソク ・ ショク ・ ともしび	light; candlepower	general
訊	ジン ・ シュン ・ シン ・ きく ・ とう ・ たずねる	request; question; investigate	general
錐	スイ ・ きり	auger; drill; awl; pyramid; cone	general
頗	ハ ・ すこぶる ・ かたよる	prejudiced; exceedingly	general
摺	ショウ ・ シュウ ・ ロウ ・ する ・ ひだ	rub; fold; print (on cloth)	general
棲	セイ ・ すむ	live; dwell	general
栖	セイ ・ すむ	nest; rookery; hive; cobweb; den	general
醒	セイ ・ さます ・ さめる	awake; be disillusioned; sober up	general
戚	ソク ・ セキ ・ いたむ ・ うれえる ・ みうち	grieve	general
蹟	セキ ・ シャク ・ あと	remains; traces; footprint	general
撰	サン ・ セン ・ せんする ・ えらむ ・ えらぶ	composing; editing; compiling; selecting	general
穿	セン ・ うがつ ・ はく	put on (to the feet); dig; pierce; drill	general
羨	セン ・ エン ・ うらやむ ・ あまり	envious; be jealous; covet	general
詮	セン ・ せんずる ・ かい ・ あきらか	discussion; methods called for; selection; result	general
閃	セン ・ ひらめく ・ ひらめき ・ うかがう	flash; brandish	general
噌	ソウ ・ ショウ ・ ソ ・ かまびすしい	boisterous	general
曾	ソウ ・ ソ ・ ゾウ ・ かつて ・ かって ・ すなわち	once; before; formerly; ever; never; ex-	general
楚	ソ ・ ショ ・ いばら ・ しもと ・ すわえ	whip; cane	general
疏	ソ ・ ショ ・ あらい ・ うとい ・ うとむ ・ とおる ・ とおす ・ まばら	estrangement; sparseness; neglect	general
遡	ソ ・ サク ・ さかのぼる	go upstream; retrace the past	general
遜	ソン ・ したがう ・ へりくだる ・ ゆずる	humble; modest	general
陀	タ ・ ダ ・ イ ・ チ ・ ジ ・ けわしい ・ ななめ	steep	general
苔	タイ ・ こけ ・ こけら	moss; lichen	general
瀧	ロウ ・ ソウ ・ たき	waterfall; rapids; cascade	general
托	タク ・ たくする ・ たのむ	requesting; entrusting with; pretend; hint	general
茸	ジョウ ・ ニュ ・ きのこ ・ たけ ・ しげる	mushroom	general
辿	テン ・ たどる ・ たどり	follow (road); pursue	general
坦	タン ・ たいら	level; wide	general
歎	タン ・ なげく ・ なげき	grief; lamentation	general
耽	タン ・ ふける	addicted; absorbed in	general
馳	チ ・ ジ ・ はせる	run; gallop; sail; drive (a wagon); win (fame); despatch	general
註	チュウ	notes; comment; annotate	general
酎	チュウ ・ チュ ・ かもす	sake	general
寵	チョウ ・ めぐみ ・ めぐむ	affection; love; patronage	general
牒	チョウ ・ ジョウ ・ ふだ	label; genealogy; circular	general
柘	シャ ・ ジャク ・ そ ・ つげ ・ やまぐわ	wild mulberry	general
鼎	テイ ・ かなえ	three legged kettle	general
擢	テキ ・ タク ・ ぬく ・ ぬきんでる	excel in; surpass; pull out; select	general
填	テン ・ チン ・ はまる ・ はめる ・ うずめる ・ しずめる ・ ふさぐ	fill in	general
纏	テン ・ デン ・ まつわる ・ まとう ・ まとめる ・ まとまる ・ まとい	wear; wrap; tie; follow around; collect	general
顛	テン ・ いただき ・ たおれる	overturn; summit; origin	general
茉	マツ ・ バツ ・ マ	jasmine	general
莉	リ ・ ライ ・ レイ	jasmine	general
菫	キン ・ すみれ	the violet	general
萬	マン ・ バン ・ よろず	10000	general
藏	ゾウ ・ ソウ ・ くら ・ おさめる ・ かくれる	hide; own; have; possess	general
藝	ゲイ ・ ウン ・ うえる ・ のり ・ わざ	art; craft; performance; acting; trick; stunt	general
搜	ソウ ・ シュ ・ シュウ ・ さがす	search; seek; investigate	general
昴	コウ ・ ボウ ・ すばる	the Pleiades	general
晏	アン ・ おそい	late; quiet; sets (sun)	general
晨	シン ・ あした ・ とき ・ あさ	morning; early	general
晟	セイ ・ ジョウ ・ あきらか	clear	general
暉	キ ・ かがやく	shine; light	general
檜	カイ ・ ひのき ・ ひ	Japanese cypress	general
栞	カン ・ しおり	bookmark; guidebook	general
椰	ヤ ・ やし	coconut tree	general
毬	キュウ ・ いが ・ まり	burr; ball	general
洸	コウ	sparkling water	general
洵	ジュン ・ シュン ・ のぶ ・ まことに	alike; truth	general
滉	コウ ・ ひろい	deep and broad	general
漱	ソウ ・ シュウ ・ ス ・ くちすすぐ ・ くちそそぐ ・ うがい ・ すすぐ	gargle; rinse mouth	general
澪	レイ ・ みお	water route; shipping channel	general
燎	リョウ ・ かがりび	burn; bonfire	general
燿	ヨウ ・ かがやく ・ ひかり	shine	general
瑶	ヨウ ・ たま	beautiful as a jewel	general
皓	コウ ・ しろい ・ ひかる	white; clear	general
眞	シン ・ ま ・ まこと	truth; reality; Buddhist sect	general
眸	ボウ ・ ム ・ ひとみ	pupil of the eye	general
笙	ショウ ・ ソウ ・ ふえ	a reed instrument	general
絆	ハン ・ きずな ・ ほだす ・ つなぐ	bonds; fetters	general
綺	キ ・ あや	figured cloth; beautiful	general
綸	リン ・ カン ・ いと	thread; silk cloth	general
翔	ショウ ・ かける ・ とぶ	soar; fly	general
脩	シュウ ・ おさめる ・ ながい ・ ほじし	dried meat	general
蓮	レン ・ はす ・ はちす	lotus	general
呂	ロ ・ リョ ・ せぼね	spine; backbone	general
魯	ロ ・ おろか	foolish; Russia	general
狼	ロウ ・ おおかみ	wolf	general
麓	ロク ・ ふもと	foot of a mountain	general
禄	ロク ・ さいわい ・ ふち	fief; allowance; pension; grant; happiness	general
倭	ワ ・ イ ・ したがう	Yamato; ancient Japan	general
脇	キョウ ・ わき ・ わけ	armpit; the other way; another place; flank; supporting role	general
鷲	シュウ ・ ジュ	eagle	general
亘	コウ ・ カン ・ わたる ・ もとめる	span; request	general
詫	タ ・ わび ・ わびしい ・ かこつ ・ わびる ・ わびる	apologize	general
藁	コウ ・ わら	straw	general
蕨	ケツ ・ わらび	bracken; fernbrake	general
侑	ユウ ・ ウ ・ すすめる ・ たすける	urge to eat	general
勁	ケイ ・ つよい	strong	general
奎	ケイ ・ キ	star; god of literature	general
崚	リョウ	towering in a row	general
已	イ ・ やむ ・ すでに ・ のみ ・ はなはだ	stop; halt; previously; already; long ago	general
廣	コウ ・ ひろい ・ ひろまる ・ ひろめる ・ ひろがる ・ ひろげる	broad; wide; spacious	general
彗	スイ ・ エ ・ ケイ ・ セイ ・ ほうき	comet	general
諒	リョウ ・ あきらか ・ まことに	fact; reality; understand; appreciate	general
遼	リョウ	distant	general
琳	リン	jewel; tinkling of jewelry	general
鱗	リン ・ うろこ ・ こけ ・ こけら	scales (fish)	general
麟	リン	Chinese unicorn; genius; giraffe; bright; shining	general
瑠	ル ・ リュウ	lapis lazuli	general
伶	レイ ・ リョウ ・ わざおぎ	actor	general
嶺	レイ ・ リョウ	peak; summit	general
怜	レイ ・ レン ・ リョウ ・ あわれむ ・ さとい	wise	general
玲	レイ	sound of jewels	general
蓉	ヨウ	lotus	general
遥	ヨウ ・ はるか	far off; distant; long ago	general
淀	テン ・ デン ・ よどむ	pool; eddy	general
洛	ラク	Kyoto; the capital	general
嵐	ラン ・ あらし	storm; tempest	general
藍	ラン ・ あい	indigo	general
蘭	ラン ・ ラ	orchid; Holland	general
李	リ ・ すもも	plum	general
梨	リ ・ なし	pear tree	general
璃	リ	glassy; lapis lazuli	general
劉	リュウ ・ ル ・ ころす	weapon of war; logging axe; kill en masse; peeling (paint off a wall, etc); sparse; faded	general
溜	リュウ ・ たまる ・ たまる ・ ためる ・ したたる ・ たまり ・ ため	collect; gather; be in arrears	general
琉	リュウ ・ ル	precious stone; gem; lapis lazuli	general
龍	リュウ ・ リョウ ・ ロウ ・ たつ	dragon; imperial	general
亮	リョウ ・ あきらか	clear; help	general
凌	リョウ ・ しのぐ	endure; keep (rain)out; stave off; tide over; defy; slight; surpass	general
梁	リョウ ・ はり ・ うつばり ・ うちばり ・ やな ・ はし	weir; fish trap; beam; girder	general
瞭	リョウ ・ あきらか	clear	general
稜	リョウ ・ ロウ ・ いつ ・ かど	angle; edge; corner; power; majesty	general
耀	ヨウ ・ かがやく ・ ひかり	shine; sparkle; gleam; twinkle	general
妖	ヨウ ・ あやしい ・ なまめく ・ わざわい	attractive; bewitching; calamity	general
楊	ヨウ ・ かわ ・ やなぎ	willow	general
邑	ユウ ・ うれえる ・ くに ・ むら	village; rural community; right village radical (no. 163)	general
祐	ユウ ・ ウ ・ たすける	help	general
柚	ユ ・ ユウ ・ ジク ・ ゆず	citron	general
湧	ユウ ・ ヨウ ・ ユ ・ わく	boil; ferment; seethe; uproar; breed	general
佑	ユウ ・ ウ ・ たすける	help; assist	general
宥	ユウ ・ なだめる ・ ゆるす	soothe; calm; pacify	general
靖	セイ ・ ジョウ ・ やすんじる	peaceful	general
餅	ヘイ ・ ヒョウ ・ もち ・ もちい	mochi rice cake	general
貰	セイ ・ シャ ・ もらう	get; have; obtain	general
也	ヤ ・ エ ・ なり ・ か ・ また	to be (classical)	general
冶	ヤ ・ いる	melting; smelting	general
耶	ヤ ・ ジャ ・ か	question mark	general
弥	ミ ・ ビ ・ いや ・ や ・ あまねし ・ いよいよ ・ とおい ・ ひさし ・ ひさしい ・ わたる	all the more; increasingly	general
蒙	モウ ・ ボウ ・ こうむる ・ おおう ・ くらい	ignorance; darkness; get; receive; be subjected to; sustain; Mongolia	general
儲	チョ ・ もうける ・ もうかる ・ もうけ ・ たくわえる	be profitable; yield profit	general
冥	メイ ・ ミョウ ・ くらい	dark	general
孟	モウ ・ ボウ ・ ミョウ ・ かしら	chief; beginning	general
巳	シ ・ み	sign of the snake or serpent; 9-11AM; sixth sign of Chinese zodiac	general
箕	キ ・ み	winnowing	general
蜜	ミツ ・ ビツ	honey; nectar; molasses	general
湊	ソウ ・ みなと ・ あつまる	port; harbor	general
稔	ネン ・ ジン ・ ニン ・ みのる ・ みのり	harvest; ripen	general
牟	ボウ ・ ム	pupil (eye); moo (cow sound)	general
椋	リョウ ・ むく	type of deciduous tree; grey starling	general
槙	テン ・ シン ・ まき ・ こずえ	twig; ornamental evergreen	general
枕	チン ・ シン ・ まくら	pillow	general
柾	まさ ・ まさめ ・ まさき	straight grain; spindle tree; (kokuji)	general
鱒	ソン ・ セン ・ ザン ・ ます	salmon trout	general
亦	エキ ・ ヤク ・ また	also; again	general
俣	また	crotch; thigh; groin; (kokuji)	general
麿	まろ	I; you; (kokuji)	general
甫	ホ ・ フ ・ はじめて	for the first time; not until	general
輔	ホ ・ フ ・ たすける	help	general
菩	ボ	kind of grass; sacred tree	general
峯	ホウ ・ みね ・ ね	peak; summit	general
捧	ホウ ・ ささげる	lift up; give; offer; consecrate; sacrifice; dedicate	general
朋	ホウ ・ とも	companion; friend	general
萌	ホウ ・ もえる ・ きざす ・ めばえ ・ きざし	show symptoms of; sprout; bud; malt	general
蜂	ホウ ・ はち	bee; wasp; hornet	general
鳳	ホウ ・ フウ	male mythical bird	general
鵬	ホウ ・ おおとり	phoenix	general
睦	ボク ・ モク ・ むつまじい ・ むつむ ・ むつぶ	intimate; friendly; harmonious	general
幌	コウ ・ ほろ ・ とばり	canopy; awning; hood; curtain	general
碧	ヘキ ・ ヒャク	blue; green	general
篇	ヘン	volume; chapter; book; editing; compilation	general
阜	フ ・ フウ	hill; mound; left village radical (no. 170)	general
撫	ブ ・ フ ・ なでる	stroke; pat; smooth down	general
楓	フウ ・ かえで	maple	general
蕗	ロ ・ ル ・ ふき	butterbur; bog rhubarb	general
淵	エン ・ カク ・ コウ ・ ふち ・ かたい ・ はなわ	abyss; edge; deep pool; the depths	general
瀕	ヒン ・ ほとり	shore; brink; verge	general
冨	フ ・ フウ ・ とむ ・ とみ	enrich; wealthy; abundant	general
芙	フ	lotus; Mt Fuji	general
函	カン ・ はこ ・ いれる	box (archaic)	general
箸	チョ ・ チャク ・ はし	chopsticks	general
肇	チョウ ・ ジョウ ・ トウ ・ はじめる ・ はじめ	beginning	general
幡	マン ・ ハン ・ バン ・ ホン ・ はた	flag	general
畠	はたけ ・ はた	field; farm; garden; (kokuji)	general
鳩	キュウ ・ ク ・ はと ・ あつめる	pigeon; dove	general
塙	カク ・ コウ ・ はなわ ・ かたい	projecting tableland or mountain	general
隼	シュン ・ ジュン ・ はやぶさ	falcon	general
斑	ハン ・ ふ ・ まだら	spot; blemish; speck; patches	general
汎	ハン ・ ブ ・ フウ ・ ホウ ・ ホン ・ ただよう ・ ひろい	pan-	general
磐	バン ・ ハン ・ いわ	rock; crag; cliff; wall (in a mine)	general
蕃	バン ・ ハン	grow luxuriously	general
斐	ヒ ・ イ	beautiful; patterned	general
緋	ヒ ・ あけ ・ あか	scarlet; cardinal	general
樋	トウ ・ ひ ・ とい	water pipe; gutter; downspout; conduit	general
琵	ビ ・ ヒ	glissando on strings; lute	general
眉	ビ ・ ミ ・ まゆ	eyebrow	general
柊	シュ ・ シュウ ・ ひいらぎ	holly	general
彦	ゲン ・ ひこ	lad; boy (ancient)	general
菱	リョウ ・ ひし	diamond (shape); water chestnut; rhombus	general
桧	カイ ・ ひのき ・ ひ	Japanese cypress	general
媛	エン ・ ひめ	beautiful woman; princess	general
彪	ヒョウ ・ ヒュウ ・ あや	spotted; mottled; patterned; small tiger	general
廟	ビョウ ・ ミョウ ・ たまや ・ みたまや ・ やしろ	mausoleum; shrine; palace	general
彬	ヒン ・ フン ・ うるわしい ・ あきらか	refined; gentle	general
柏	ハク ・ ヒャク ・ ビャク ・ かしわ	oak	general
萩	シュウ ・ はぎ	bush clover	general
楠	ナン ・ ダン ・ ゼン ・ ネン ・ くす ・ くすのき	camphor tree	general
匂	におう ・ におい ・ におわせる	fragrant; stink; glow; insinuate; (kokuji)	general
虹	コウ ・ にじ	rainbow	general
濡	ジュ ・ ニュ ・ ぬれる ・ ぬらす ・ ぬれる ・ ぬらす ・ うるおい ・ うるおう ・ うるおす	get wet; damp; make love	general
乃	ナイ ・ ダイ ・ ノ ・ アイ ・ の ・ すなわち ・ なんじ	from; possessive particle; whereupon; accordingly	general
之	シ ・ の ・ これ ・ おいて ・ ゆく ・ この	of; this	general
巴	ハ ・ ともえ ・ うずまき	comma-design	general
播	ハ ・ バン ・ ハン ・ まく	plant; sow	general
琶	ハ ・ ベ ・ ワ	lute	general
芭	バ ・ ハ	banana	general
憧	ショウ ・ トウ ・ ドウ ・ あこがれる	yearn after; long for; aspire to; admire; adore	general
瞳	ドウ ・ トウ ・ ひとみ	pupil	general
栃	とち	horse chestnut; (kokuji)	general
寅	イン ・ とら	sign of the tiger; 3-5AM; third sign of Chinese zodiac	general
酉	ユウ ・ とり	west; bird; sign of the bird; 5-7PM; tenth sign of Chinese zodiac; sake radical (no. 164)	general
惇	シュン ・ ジュン ・ トン ・ あつい	sincere; kind; considerate	general
敦	トン ・ タイ ・ ダン ・ チョウ ・ あつい	industry; kindliness	general
奈	ナ ・ ナイ ・ ダイ ・ いかん ・ からなし	Nara; what?	general
那	ナ ・ ダ ・ なに ・ なんぞ ・ いかん	what?	general
凪	なぎ ・ なぐ	lull; calm; (kokuji)	general
謎	メイ ・ ベイ ・ なぞ	riddle; puzzle; enigma; hint; tip	general
灘	タン ・ ダン ・ なだ ・ せ	open sea	general
捺	ナツ ・ ダツ ・ さす ・ おす	press; print; affix a seal; stamp	general
鍋	カ ・ なべ	pot; pan; kettle	general
楢	シュウ ・ ユウ ・ なら	oak	general
宕	トウ ・ すぎる	cave	general
嶋	トウ ・ しま	island	general
燈	トウ ・ ひ ・ ほ- ・ ともしび ・ ともす ・ あかり	nonstandard for J825	general
藤	トウ ・ ドウ ・ ふじ	wisteria	general
杜	ト ・ トウ ・ ズ ・ もり ・ ふさぐ ・ やまなし	woods; grove	general
喋	チョウ ・ トウ ・ しゃべる ・ ついばむ	talk; chat; chatter	general
帖	チョウ ・ ジョウ ・ かきもの	quire (of paper); bundle of seaweed; counter for screens; notebook	general
暢	チョウ ・ のびる	stretch	general
蝶	チョウ	butterfly	general
椎	ツイ ・ スイ ・ つち ・ うつ	oak; mallet	general
槌	ツイ ・ つち	hammer; mallet	general
槻	キ ・ つき	Zelkova tree	general
佃	テン ・ デン ・ つくだ	cultivated rice field	general
辻	つじ	crossing; crossroad; street corners; (kokuji)	general
蔦	チョウ ・ つた	vine; ivy	general
綴	テイ ・ テツ ・ テチ ・ ゲツ ・ とじる ・ つづる ・ つづり ・ すみやか	compose; spell; write; bind (books)	general
椿	チン ・ チュン ・ つばき	camellia	general
紬	チュウ ・ つむぎ ・ つむぐ	pongee (a knotted silk cloth)	general
爪	ソウ ・ つめ ・ つま-	claw; nail; talon	general
鶴	カク ・ つる	crane; stork	general
悌	テイ ・ ダイ	serving our elders	general
挺	チョウ ・ テイ ・ ぬく	counter for guns, inksticks, palanquins, rickshaws; bravely volunteer	general
梯	テイ ・ タイ ・ はしご	ladder; stairs; insatiable drinking	general
汀	テイ ・ みぎわ ・ なぎさ	water's edge; shore; bank	general
禎	テイ ・ さいわい	happiness; blessed; good fortune; auspicious	general
諦	テイ ・ タイ ・ あきらめる ・ あきらめる ・ つまびらか ・ まこと	abandon; give up	general
蹄	テイ ・ ひづめ	hoof	general
鄭	テイ ・ ジョウ	an ancient Chinese province	general
釘	テイ ・ チョウ ・ くぎ	nail; tack; peg	general
貼	テン ・ チョウ ・ はる ・ つく	stick; paste; apply	general
猪	チョ ・ い ・ いのしし	boar	general
弛	チ ・ シ ・ たるむ ・ たるめる ・ たゆむ ・ ゆるむ ・ ゆるみ	slacken; relax	general
智	チ	wisdom; intellect; reason	general
筑	チク	an ancient musical instrument	general
檀	ダン ・ タン ・ まゆみ	cedar; sandlewood; spindle tree	general
啄	タク ・ ツク ・ トク ・ ついばむ ・ つつく	peck; pick up	general
琢	タク ・ みがく	polish	general
凧	いかのぼり ・ たこ	kite; (kokuji)	general
只	シ ・ ただ	only; free; in addition	general
辰	シン ・ ジン ・ たつ	sign of the dragon; 7-9AM; fifth sign of Chinese zodiac; shin dragon radical (no. 161)	general
巽	ソン ・ たつみ	southeast	general
竪	ジュ ・ たて ・ たてる ・ こども	length; height; warp	general
樽	ソン ・ たる	barrel; cask; keg	general
誰	スイ ・ だれ ・ たれ ・ た	who; someone; somebody	general
旦	タン ・ ダン ・ あきらか ・ あきら ・ ただし ・ あさ ・ あした	daybreak; dawn; morning	general
湛	タン ・ チン ・ ジン ・ セン ・ しずむ ・ たたえる	fill; wear (a smile); clear; pure; dense; deep	general
黛	タイ ・ まゆずみ	blackened eyebrows	general
鯛	チョウ ・ たい	sea bream; red snapper	general
醍	ダイ ・ タイ ・ テイ	whey; good Buddhist teaching	general
鷹	ヨウ ・ オウ ・ たか	hawk	general
戴	タイ ・ いただく	be crowned with; live under (a ruler); receive	general
舵	ダ ・ タ ・ かじ	rudder; helm; wheel	general
楕	ダ ・ タ	ellipse	general
堆	タイ ・ ツイ ・ うずたかい	piled high	general
爽	ソウ ・ あきらか ・ さわやか ・ たがう	refreshing; bracing; resonant; sweet; clear	general
宋	ソウ	dwell; Sung dynasty	general
惣	ソウ ・ いそがしい ・ そうじて	all	general
槍	ソウ ・ ショウ ・ やり	spear; lance; javelin	general
漕	ソウ ・ こぐ ・ はこぶ	rowing; scull; paddle	general
綜	ソウ ・ おさめる ・ すべる	rule	general
聡	ソウ ・ さとい ・ みみざとい	wise; fast learner	general
蒼	ソウ ・ あおい	blue; pale	general
捉	ソク ・ サク ・ とらえる	catch; capture	general
袖	シュウ ・ そで	sleeve; wing (building); extension; give cold shoulder	general
其	キ ・ ギ ・ ゴ ・ それ ・ その	that	general
揃	セン ・ そろえる ・ そろう ・ そろい ・ きる	be complete; uniform; all present	general
汰	タ ・ タイ ・ おごる ・ にごる ・ よなげる	luxury; select	general
蘇	ソ ・ ス ・ よみがえる	be resuscitated; revived	general
叢	ソウ ・ ス ・ くさむら ・ むらがる ・ むら	plexus; clump of bushes; thicket	general
碩	セキ ・ おおきい	large; great; eminent	general
尖	セン ・ とがる ・ さき ・ するどい	be pointed; sharp; taper; displeased; angry; edgy	general
煎	セン ・ せんじる ・ いる ・ にる	broil; parch; roast; boil	general
膳	ゼン ・ セン ・ かしわ ・ すすめる ・ そなえる	small low table; tray	general
曽	ソウ ・ ソ ・ ゾウ ・ かつ ・ かつて ・ すなわち	formerly; once; before; ever; never; ex-	general
雛	スウ ・ ス ・ ジュ ・ ひな ・ ひよこ	chick; squab; duckling; doll	general
菅	カン ・ ケン ・ すげ	sedge	general
雀	ジャク ・ ジャン ・ サク ・ シャク ・ すずめ	sparrow	general
裾	キョ ・ コ ・ すそ	cuff; hem; foot of mountain	general
凄	セイ ・ サイ ・ さむい ・ すごい ・ すさまじい	uncanny; weird; threatening; horrible	general
厨	シュウ ・ ズ ・ チュ ・ チュウ ・ くりや	kitchen	general
逗	トウ ・ ズ ・ とどまる	stop	general
翠	スイ ・ かわせみ ・ みどり	green	general
瑞	ズイ ・ スイ ・ みず- ・ しるし	congratulations	general
嵩	スウ ・ シュウ ・ かさ ・ かさむ ・ たかい	be aggravated; grow worse; grow bulky; swell	general
杖	ジョウ ・ つえ	staff; cane	general
穣	ジョウ ・ わら ・ ゆたか	good crops; prosperity; 10**28	general
埴	ショク ・ はに ・ へな	clay	general
拭	ショク ・ シキ ・ ぬぐう ・ ふく	wipe; mop; swab	general
晋	シン ・ すすむ	advance	general
榛	シン ・ ハン ・ はしばみ ・ はり	hazelnut; filbert	general
秦	シン ・ はた	Manchu dynasty; name given to naturalized foreigners	general
芯	シン	wick	general
壬	ニン ・ ジン ・ イ ・ みずのえ	9th calendar sign	general
腎	ジン	kidney	general
諏	シュ ・ ス ・ そう ・ はかる	consult	general
須	ス ・ シュ ・ すべからく ・ すべし ・ ひげ ・ まつ ・ もちいる ・ もとめる	ought; by all means; necessarily	general
醇	ジュン ・ シュン ・ もっぱら ・ こい ・ あつい	pure sake'; purity; affection	general
曙	ショ ・ あけぼの	dawn; daybreak	general
渚	ショ ・ なぎさ	strand; beach; shore	general
恕	ジョ ・ ショ ・ ゆるす	excuse; tolerate; forgive	general
哨	ショウ ・ みはり	scout; sentinel	general
庄	ショウ ・ ソ ・ ソウ ・ ホウ	level	general
捷	ショウ ・ ソウ ・ はやい	victory; fast	general
昌	ショウ ・ さかん	prosperous; bright; clear	general
梢	ショウ ・ こずえ ・ くすのき	treetops; twig	general
樟	ショウ ・ くす	camphor	general
湘	ショウ	name of Chinese river; the Sagami river	general
菖	ショウ	iris	general
蕉	ショウ	banana	general
丞	ジョウ ・ ショウ ・ すくう ・ たすける	help	general
淳	ジュン ・ シュン ・ あつい	pure	general
峻	シュン ・ けわしい ・ たかい	high; steep	general
竣	ドウ ・ シュン ・ わらわ ・ わらべ ・ おわる	end; finish	general
舜	シュン	type of morning glory; rose of Sharon; althea	general
駿	シュン ・ スン ・ すぐれる	a good horse; speed; a fast person	general
蹴	シュク ・ シュウ ・ ける	kick	general
洲	シュウ ・ ス ・ しま	continent; sandbar; island; country	general
紗	サ ・ シャ ・ うすぎぬ	gauze; gossamer	general
錫	セキ ・ シャク ・ すず ・ たまう	copper; tin	general
篠	ゾウ ・ ショウ ・ しの ・ ささ ・ すず	also N3428; bamboo grass	general
偲	サイ ・ シ ・ しのぶ	recollect; remember	general
柴	サイ ・ シ ・ しば	brush; firewood	general
縞	コウ ・ しま ・ しろぎぬ	stripe	general
蒔	シ ・ ジ ・ うえる ・ まく	sow (seeds)	general
汐	セキ ・ しお ・ うしお ・ せい	eventide; tide; salt water; opportunity	general
鹿	ロク ・ しか ・ か	deer	general
雫	ダ ・ しずく	drop; trickle; dripping	general
爾	ジ ・ ニ ・ なんじ ・ しかり ・ その ・ のみ ・ おれ しか	you; thou; second person	general
孜	シ ・ つとめる	industriousness	general
獅	シ ・ しし	lion	general
皐	コウ ・ さつき	swamp; shore	general
燦	サン ・ さんたる ・ あきらか ・ きらめく ・ きらめく	brilliant	general
讃	サン ・ ほめる ・ たたえる	praise; title on a picture	general
薩	サツ ・ サチ	Buddha	general
笹	ささ	bamboo grass	general
冴	ゴ ・ コ ・ さえる ・ こおる ・ ひえる	be clear; serene; cold; skilful	general
阪	ハン ・ さか	heights; slope	general
堺	カイ ・ さかい	world	general
榊	さかき	sacred Shinto tree; (kokuji)	general
埼	キ ・ さき ・ さい ・ みさき	cape; spit; promontory	general
鷺	ロ ・ さぎ	heron	general
朔	サク ・ ついたち	conjunction (astronomy); first day of month	general
嵯	サ ・ シ	steep; craggy; rugged	general
沙	サ ・ シャ ・ すな ・ よなげる	sand	general
瑳	サ ・ みがく	polish	general
裟	サ ・ シャ	Buddhist surplice	general
坐	ザ ・ サ ・ すわる ・ おわす ・ そぞろに ・ まします	sit	general
哉	サイ ・ かな ・ や	how; what; alas; "?" (question mark)	general
采	サイ ・ とる ・ いろどり	dice; form; appearance; take; coloring	general
犀	サイ ・ セイ	rhinocerous	general
砦	サイ ・ とりで	fort; stronghold; entrenchments	general
鴻	コウ ・ ゴウ ・ おおとり ・ ひしくい ・ おおがり	large bird; wild goose; large; great; powerful; prosperous	general
壕	コウ ・ ゴウ ・ ほり	trench; dugout; air raid shelter	general
轟	コウ ・ ゴウ ・ とどろかす ・ とどろく	roar; thunder; boom resound	general
惚	コツ ・ ほける ・ ぼける ・ ほれる	fall in love with; admire; grow senile	general
此	シ ・ これ ・ この ・ ここ	this; current; next; coming; last; past	general
頃	ケイ ・ キョウ ・ ころ ・ ごろ ・ しばらく	time; about; toward	general
晃	コウ ・ あきらか	clear	general
杭	コウ ・ くい	stake; post; picket	general
浩	コウ ・ おおきい ・ ひろい	wide expanse; abundance; vigorous	general
紘	コウ ・ おおづな ・ つな ・ つなぐ	large	general
昂	コウ ・ ゴウ ・ あがる ・ たかい ・ たかぶる	rise	general
宏	コウ ・ ひろい	wide; large	general
巷	コウ ・ ちまた	fork in road; scene; arena; theater	general
弘	コウ ・ グ ・ ひろい	vast; broad; wide	general
吾	ゴ ・ われ ・ わが- ・ あ-	I; my; our; one's own	general
梧	ゴ ・ あおぎり	Chinese parasol tree; phoenix tree	general
瑚	コ ・ ゴ	ancestral offering receptacle	general
鯉	リ ・ こい	carp	general
倖	コウ ・ しあわせ ・ さいわい	happiness; luck	general
袴	コ ・ ク ・ はかま ・ ずぼん	men's formal divided skirt	general
胡	ウ ・ コ ・ ゴ ・ なんぞ	barbarian; foreign	general
虎	コ ・ とら	tiger; drunkard	general
伍	ゴ ・ いつつ	5; 5-man squad; file; line	general
絃	ゲン ・ いと	string; cord; samisen music	general
桂	ケイ ・ かつら	Japanese Judas-tree; cinnamon tree	general
稽	ケイ ・ かんがえる ・ とどめる	think; consider; quarrel	general
喧	ケン ・ やかましい ・ かまびすしい	noisy; boisterous	general
拳	ケン ・ ゲン ・ こぶし	fist	general
硯	ケン ・ ゲン ・ すずり	inkstone	general
鍵	ケン ・ かぎ	key	general
慧	ケイ ・ エ ・ さとい	wise	general
芹	キン ・ せり	parsley	general
衿	キン ・ コン ・ えり	neck; collar; lapel	general
玖	キュウ ・ ク	beautiful black jewel; nine	general
矩	ク ・ かね ・ かねざし ・ さしがね	ruler; carpenter's square	general
駒	ク ・ こま	pony; horse; colt	general
寓	グウ ・ グ ・ ドウ ・ ぐうする ・ かこつける ・ よせる ・ よる ・ かりずまい	temporary abode; keep; imply; suggest	general
串	カン ・ ケン ・ セン ・ くし ・ つらぬく	shish kebab; spit; skewer	general
櫛	シツ ・ くし ・ くしけずる	comb	general
釧	セン ・ くしろ ・ うでわ	bracelet	general
窪	ワ ・ ア ・ くぼむ ・ くぼみ ・ くぼまる ・ くぼ	depression; cave in; sink; become hollow	general
熊	ユウ ・ くま	bear	general
隈	ワイ ・ エ ・ くま ・ すみ	corner; nook; recess	general
栗	リツ ・ リ ・ くり ・ おののく	chestnut	general
袈	ケ ・ カ	a coarse camlet	general
圭	ケイ ・ ケ	square jewel; corner; angle; edge	general
饗	キョウ ・ うける ・ もてなす	banquet	general
尭	ギョウ ・ たかい	high; far	general
桐	トウ ・ ドウ ・ きり	paulownia	general
錦	キン ・ にしき	brocade; fine dress; honors	general
欣	キン ・ ゴン ・ コン ・ よろこぶ ・ よろこび	take pleasure in; rejoice	general
欽	キン ・ コン ・ つつしむ	respect; revere; long for	general
喬	キョウ ・ たかい	high; boasting	general
亨	コウ ・ キョウ ・ ホウ ・ たてまつる	undergo; answer (phone); take; get; catch	general
匡	キョウ ・ オウ ・ すくう	correct; save; assist	general
卿	ケイ ・ キョウ ・ きみ	you; lord; secretary; state minister	general
畿	キ ・ みやこ	capital; suburbs of capital	general
稀	キ ・ ケ ・ まれ ・ まばら	rare; phenomenal; dilute (acid)	general
亀	キ ・ キュウ ・ キン ・ かめ	tortoise; turtle	general
祇	ギ ・ キ ・ シ ・ くにつかみ ・ ただ ・ まさに	national or local god; peaceful; great	general
誼	ギ ・ よしみ ・ よい	friendship; intimacy	general
鞠	キク ・ キュウ ・ まり	ball	general
橘	キツ ・ たちばな	mandarin orange	general
杵	ショ ・ ソ ・ きね	wooden pestle	general
毅	キ ・ ギ ・ つよい	strong	general
嬉	キ ・ うれしい ・ たのしむ	glad; pleased; rejoice	general
韓	カン ・ から ・ いげた	Korea	general
巌	ガン ・ いわ ・ いわお ・ けわしい	rock; crag; boulder	general
玩	ガン ・ もちあそぶ ・ もてあそぶ	play; take pleasure in; trifle with; make sport of	general
雁	ガン ・ かり ・ かりがね	wild goose	general
伎	ギ ・ キ ・ わざ ・ わざおぎ	deed; skill	general
竿	カン ・ さお	pole; rod; scale beam; violin neck	general
莞	カン ・ い	reed used to cover tatami	general
葛	カツ ・ カチ ・ つづら ・ くず	arrowroot; kudzu	general
叶	キョウ ・ かなえる ・ かなう	grant; answer	general
樺	カ ・ かば ・ かんば	birch	general
兜	トウ ・ ト ・ かぶと	helmet; head piece	general
蒲	ホ ・ ボ ・ フ ・ ブ ・ がま ・ かば ・ かま	bullrush; flag; cattail	general
釜	フ ・ かま	kettle; cauldron; iron pot	general
鎌	レン ・ ケン ・ かま	sickle; scythe; trick	general
鴨	オウ ・ かも ・ あひる	wild duck; easy mark	general
茅	ボウ ・ ミョウ ・ かや ・ ちがや	miscanthus reed	general
萱	ケン ・ かや ・ かんぞう	miscanthus reed	general
粥	イク ・ シュク ・ ジュク ・ かゆ ・ かい ・ ひさぐ	rice gruel	general
瓦	ガ ・ かわら ・ ぐらむ	tile; gram	general
侃	カン ・ つよい	strong; just; righteous; peace-loving	general
魁	カイ ・ さきがけ ・ かしら	charging ahead of others	general
芥	カイ ・ ケ ・ からし ・ ごみ ・ あくた	mustard; rape; dust; trash; rubbish	general
蟹	カイ ・ かに	crab	general
凱	ガイ ・ カイ ・ かちどき ・ やわらぐ	victory song	general
蓋	ガイ ・ カイ ・ コウ ・ ふた ・ けだし ・ おおう ・ かさ ・ かこう	cover; lid; flap	general
馨	ケイ ・ キョウ ・ かおる ・ かおり	fragrant; balmy; favourable	general
柿	シ ・ かき ・ こけら	persimmon; shingle	general
笠	リュウ ・ かさ	bamboo hat; one's influence	general
樫	かし	evergreen oak; (kokuji)	general
梶	ビ ・ かじ ・ こずえ	sculling oar	general
烏	ウ ・ オ ・ からす ・ いずくんぞ ・ なんぞ	crow; raven	general
卯	ボウ ・ モウ ・ う	sign of the hare or rabbit; 5-7AM; fourth sign of Chinese zodiac; east	general
鵜	テイ ・ ダイ ・ う	cormorant	general
丑	チュウ ・ うし	sign of the ox or cow; 1-3AM; second sign of Chinese zodiac	general
碓	カク ・ タイ ・ たしか ・ かくたる	pestle	general
臼	キュウ ・ グ ・ うす ・ うすづく	mortar	general
唄	バイ ・ うた ・ うたう	songs with samisen	general
瓜	カ ・ ケ ・ うり	melon	general
噂	ソン ・ うわさ	rumor; gossip; hearsay	general
叡	エイ ・ あきらか	intelligence; imperial	general
瑛	エイ	sparkle of jewelry; crystal	general
榎	カ ・ えのき	lotus tree	general
堰	エン ・ せき ・ せく	dam; prevent; stop up	general
奄	エン ・ おおう ・ たちまち	cover	general
燕	エン ・ つばめ ・ つばくら ・ つばくろ	swallow (bird)	general
艶	エン ・ つや ・ なまめかしい ・ あでやか ・ つやめく ・ なまめく	glossy; luster; glaze; polish; charm; colorful; captivating	general
苑	エン ・ オン ・ その ・ うつ	garden; farm; park	general
於	オ ・ ヨ ・ おいて ・ おける ・ ああ ・ より	at; in; on; as for	general
旺	オウ ・ キョウ ・ ゴウ ・ かがやき ・ うつくしい ・ さかん	flourishing; successful; beautiful; vigorous	general
岡	コウ ・ おか	mount; hill; knoll	general
荻	テキ ・ おぎ	reed; rush	general
桶	ヨウ ・ トウ ・ おけ	tub; bucket	general
牡	ボ ・ ボウ ・ おす ・ お- ・ おん-	male	general
俺	エン ・ おれ ・ われ	I; myself	general
伽	カ ・ ガ ・ キャ ・ ギャ ・ とぎ	nursing; attending; entertainer	general
嘉	カ ・ よみする ・ よい	applaud; praise; esteem	general
珂	カ	jewel	general
茄	カ	eggplant	general
蝦	カ ・ ゲ ・ えび	shrimp; prawn; lobster	general
迦	カ ・ ケ	(used phonetically)	general
霞	カ ・ ゲ ・ かすみ ・ かすむ	be hazy; grow dim; blurred	general
峨	ガ ・ けわしい	high mountain	general
牙	ガ ・ ゲ ・ きば ・ は	tusk; fang; tusk radical (no. 92)	general
阿	ア ・ オ ・ おもねる ・ くま	Africa; flatter; fawn upon; corner; nook; recess	general
挨	アイ ・ ひらく	push open	general
逢	ホウ ・ あう ・ むかえる	meeting; tryst; date; rendezvous	general
葵	キ ・ あおい	hollyhock	general
茜	セン ・ あかね	madder; red dye; Turkey red	general
渥	アク ・ あつい ・ うるおう	kindness	general
旭	キョク ・ あさひ	rising sun; morning sun	general
葦	イ ・ しおれる ・ しなびる ・ しぼむ ・ なえる	reed; bullrush	general
芦	ロ ・ あし ・ よし	reed; bullrush	general
梓	シ ・ あずさ	catalpa tree	general
絢	ケン	kimono design	general
綾	リン ・ あや	design; figured cloth; twill	general
鮎	デン ・ ネン ・ あゆ ・ なまず	freshwater trout; smelt	general
或	ワク ・ コク ・ イキ ・ ある ・ あるい ・ あるいは	some; one; or; possibly; a certain	general
粟	ゾク ・ ショク ・ ソク ・ あわ ・ もみ	millet	general
庵	アン ・ いおり ・ いお	hermitage; retreat	general
闇	アン ・ オン ・ やみ ・ くらい	get dark; gloom; disorder	general
鞍	アン ・ くら	saddle	general
杏	キョウ ・ アン ・ コウ ・ あんず	apricot	general
伊	イ ・ かれ	Italy; that one	general
夷	イ ・ えびす ・ えみし ・ ころす ・ たいらげる	barbarian; savage; Ainu	general
惟	イ ・ ユイ ・ おもんみる ・ これ ・ おもうに	consider; reflect; think	general
椅	イ	chair	general
畏	イ ・ おそれる ・ かしこまる ・ かしこ ・ かしこし	fear; majestic; graciously; be apprehensive	general
亥	ガイ ・ カイ ・ い	sign of the hog; 9-11PM; twelfth sign of the Chinese zodiac	general
郁	イク	cultural progress; perfume	general
磯	キ ・ いそ	seashore; beach	general
溢	イツ ・ こぼれる ・ あふれる ・ みちる	overflow; inundate; spill	general
茨	シ ・ ジ ・ いばら ・ かや ・ くさぶき	briar; thorn	general
允	イン ・ じょう ・ まことに ・ ゆるす	license; sincerity; permit	general
胤	イン ・ たね	descendent; issue; offspring	general
蔭	イン ・ オン ・ かげ	shade; shadow; backing assistance	general
