齢	レイ ・ よわい ・ とし	age	general
歴	レキ ・ レッキ	curriculum; continuation; passage of time	general
列	レツ ・ レ	file; row; rank; tier; column	general
練	レン ・ ねる ・ ねり	practice; gloss; train; drill; polish; refine	general
路	ロ ・ ル ・ -じ ・ みち	path; route; road; distance	general
露	ロ ・ ロウ ・ つゆ	dew; tears; expose; Russia	general
老	ロウ ・ おいる ・ ふける	old man; old age; grow old	general
郎	ロウ ・ リョウ ・ おとこ	son; counter for sons	general
録	ロク	record	general
惑	ワク ・ まどう	beguile; delusion; perplexity	general
枠	わく	frame; framework; spindle; spool; bounding-box; (kokuji)	general
湾	ワン ・ いりえ	gulf; bay; inlet	general
良	リョウ ・ よい ・ -よい ・ いい ・ -いい	good; pleasing; skilled	general
林	リン ・ はやし	grove; forest	general
臨	リン ・ のぞむ	look to; face; meet; confront; attend; call on	general
輪	リン ・ わ	wheel; ring; circle; link; loop; counter for wheels and flowers	general
塁	ルイ ・ ライ ・ スイ ・ とりで	bases; fort; rampart; walls; base(ball)	general
類	ルイ ・ たぐい	sort; kind; variety; class; genus	general
令	レイ	orders; ancient laws; command; decree	general
冷	レイ ・ つめたい ・ ひえる ・ ひや ・ ひややか ・ ひやす ・ ひやかす ・ さめる ・ さます	cool; cold (beer, person); chill	general
鈴	レイ ・ リン ・ すず	small bell; buzzer	general
養	ヨウ ・ リョウ ・ やしなう	foster; bring up; rear; develop; nurture	general
抑	ヨク ・ おさえる	repress; well; now; in the first place; push; shove; press; seal; do in spite of	general
欲	ヨク ・ ほっする ・ ほしい	longing; covetousness; greed; passion; desire; craving	general
頼	ライ ・ たのむ ・ たのもしい ・ たよる	trust; request	general
絡	ラク ・ からむ ・ からまる	entwine; coil around; get caught in	general
乱	ラン ・ ロン ・ みだれる ・ みだる ・ みだす ・ みだ ・ おさめる ・ わたる	riot; war; disorder; disturb	general
裏	リ ・ うら	back; amidst; in; reverse; inside; palm; sole; rear; lining; wrong side	general
離	リ ・ はなれる ・ はなす	detach; separation; disjoin; digress	general
陸	リク ・ ロク ・ おか	land; six	general
律	リツ ・ リチ ・ レツ	rhythm; law; regulation; gauge; control	general
略	リャク ・ ほぼ ・ おかす ・ おさめる ・ はかりごと ・ はかる ・ はぶく ・ りゃくす ・ りゃくする	abbreviation; omission; outline; shorten; capture; plunder	general
留	リュウ ・ ル ・ とめる ・ とまる ・ とどめる ・ とどまる ・ るうぶる	detain; fasten; halt; stop	general
慮	リョ ・ おもんぱくる ・ おもんぱかる	prudence; thought; concern; consider; deliberate; fear	general
旅	リョ ・ たび	trip; travel	general
了	リョウ	complete; finish	general
僚	リョウ	colleague; official; companion	general
療	リョウ	heal; cure	general
預	ヨ ・ あずける ・ あずかる	deposit; custody; leave with; entrust to	general
曜	ヨウ	weekday	general
洋	ヨウ	ocean; western style	general
誘	ユウ ・ イウ ・ さそう ・ いざなう	entice; lead; tempt; invite; ask; call for; seduce; allure	general
遊	ユウ ・ ユ ・ あそぶ ・ あそばす	play	general
郵	ユウ	mail; stagecoach stop	general
雄	ユウ ・ お- ・ おす ・ おん	masculine; male; hero; leader; superiority; excellence	general
夕	セキ ・ ゆう	evening	general
余	ヨ ・ あまる ・ あまり ・ あます ・ あんまり	too much; myself; surplus; other; remainder	general
友	ユウ ・ とも	friend	general
油	ユ ・ ユウ ・ あぶら	oil; fat	general
薬	ヤク ・ くすり	medicine; chemical; enamel; gunpowder; benefit	general
躍	ヤク ・ おどる	leap; dance; skip	general
戻	レイ ・ もどす ・ もどる	re-; return; revert; resume; restore; go backwards	general
盟	メイ	alliance; oath	general
迷	メイ ・ まよう	astray; be perplexed; in doubt; lost; err; illusion	general
模	モ ・ ボ	imitation; copy; mock	general
満	マン ・ バン ・ みちる ・ みつ ・ みたす	full; fullness; enough; satisfy	general
未	ミ ・ ビ ・ いまだ ・ まだ ・ ひつじ	un-; not yet; hitherto; still; even now; sign of the ram; 1-3PM; eighth sign of Chinese zodiac	general
密	ミツ ・ ひそか	secrecy; density (pop); minuteness; carefulness	general
夢	ム ・ ボウ ・ ゆめ ・ ゆめみる ・ くらい	dream; vision; illusion	general
枚	マイ ・ バイ	sheet of...; counter for flat thin objects or sheets	general
幕	マク ・ バク ・ とばり	curtain; bunting; act of play	general
歩	ホ ・ ブ ・ フ ・ あるく ・ あゆむ	walk; counter for steps	general
募	ボ ・ つのる	recruit; campaign; gather (contributions); enlist; grow violent	general
暮	ボ ・ くれる ・ くらす	livelihood; make a living; spend time	general
母	ボ ・ はは ・ も	mama; mother	general
包	ホウ ・ つつむ ・ くるむ	wrap; pack up; cover; conceal	general
崩	ホウ ・ くずれる ・ -くずれ ・ くずす	crumble; die; demolish; level	general
抱	ホウ ・ だく ・ いだく ・ かかえる	embrace; hug; hold in arms	general
豊	ホウ ・ ブ ・ ゆたか ・ とよ	bountiful; excellent; rich	general
邦	ホウ ・ くに	home country; country; Japan	general
亡	ボウ ・ モウ ・ ない ・ なき- ・ ほろびる ・ ほろぶ ・ ほろぼす	deceased; the late; dying; perish	general
房	ボウ ・ ふさ	tassel; tuft; fringe; bunch; lock (hair); segment (orange); house; room	general
暴	ボウ ・ バク ・ あばく ・ あばれる	outburst; rave; fret; force; violence; cruelty; outrage	general
貿	ボウ	trade; exchange	general
便	ベン ・ ビン ・ たより	convenience	general
弁	ベン ・ ヘン ・ わきまえる ・ わける ・ はなびら ・ あらそう	valve; petal; braid; speech; dialect; discrimination; dispose of; distinguish	general
捕	ホ ・ とらえる ・ とらわれる ・ とる ・ とらえる ・ とらわれる ・ つかまえる ・ つかまる	catch; capture	general
返	ヘン ・ かえす ・ -かえす ・ かえる ・ -かえる	return; answer; fade; repay	general
紛	フン ・ まぎれる ・ -まぎれ ・ まぎらす ・ まぎらわす ・ まぎらわしい	distract; be mistaken for; go astray; divert	general
併	ヘイ ・ あわせる	join; get together; unite; collective	general
兵	ヘイ ・ ヒョウ ・ つわもの	soldier; private; troops; army; warfare; strategy; tactics	general
並	ヘイ ・ ホウ ・ なみ ・ ならべる ・ ならぶ ・ ならびに	row; and; besides; as well as; line up; rank with; rival; equal	general
閉	ヘイ ・ とじる ・ とざす ・ しめる ・ しまる ・ たてる	closed; shut	general
編	ヘン ・ あむ ・ -あみ	compilation; knit; plait; braid; twist; editing; completed poem; part of a book	general
舞	ブ ・ まう ・ -まう ・ まい	dance; flit; circle; wheel	general
風	フウ ・ フ ・ かぜ ・ かざ- ・ -かぜ	wind; air; style; manner	general
幅	フク ・ はば	hanging scroll; width	general
服	フク	clothing; admit; obey; discharge	general
複	フク	duplicate; double; compound; multiple	general
払	フツ ・ ヒツ ・ ホツ ・ はらう ・ -はらい ・ -ばらい	pay; clear out; prune; banish; dispose of	general
仏	ブツ ・ フツ ・ ほとけ	Buddha; the dead; France	general
浜	ヒン ・ はま	seacoast; beach; seashore	general
婦	フ ・ よめ	lady; woman; wife; bride	general
富	フ ・ フウ ・ とむ ・ とみ	wealth; enrich; abundant	general
布	フ ・ ぬの	linen; cloth	general
普	フ ・ あまねく ・ あまねし	universal; wide(ly); generally; Prussia	general
浮	フ ・ うく ・ うかれる ・ うかぶ ・ む ・ うかべる	floating; float; rise to surface	general
父	フ ・ ちち	father	general
抜	バツ ・ ハツ ・ ハイ ・ ぬく ・ -ぬく ・ ぬき ・ ぬける ・ ぬかす ・ ぬかる	slip out; extract; pull out; pilfer; quote; remove; omit	general
伴	ハン ・ バン ・ ともなう	consort; accompany; bring with; companion	general
板	ハン ・ バン ・ いた	plank; board; plate; stage	general
版	ハン	printing block; printing plate; edition; impression; label	general
犯	ハン ・ ボン ・ おかす	crime; sin; offense	general
般	ハン	carrier; carry; all	general
販	ハン	marketing; sell; trade	general
盤	バン	tray; shallow bowl; platter; tub; board; phonograph record	general
否	ヒ ・ いな ・ いや	negate; no; noes; refuse; decline; deny	general
彼	ヒ ・ かれ ・ かの ・ かの	he; that; the	general
批	ヒ	criticism; strike	general
秘	ヒ ・ ひめる ・ ひそか ・ かくす	secret; conceal	general
避	ヒ ・ さける ・ よける	evade; avoid; avert; ward off; shirk; shun	general
飛	ヒ ・ とぶ ・ とばす ・ -とばす	fly; skip (pages); scatter	general
尾	ビ ・ お	tail; end; counter for fish; lower slope of mountain	general
標	ヒョウ ・ しるべ ・ しるし	signpost; seal; mark; stamp; imprint; symbol; emblem; trademark; evidence; souvenir; target	general
描	ビョウ ・ えがく ・ かく	sketch; compose; write; draw; paint	general
博	ハク ・ バク	Dr.; command; esteem; win acclaim; Ph.D.; exposition; fair	general
迫	ハク ・ せまる	urge; force; imminent; spur on	general
爆	バク ・ はぜる	bomb; burst open; pop; split	general
買	バイ ・ かう	buy	general
肉	ニク ・ しし	meat	general
熱	ネツ ・ あつい	heat; temperature; fever; mania; passion	general
燃	ネン ・ もえる ・ もやす ・ もす	burn; blaze; glow	general
納	ノウ ・ ナッ ・ ナ ・ ナン ・ トウ ・ おさめる ・ -おさめる ・ おさまる	settlement; obtain; reap; pay; supply; store	general
波	ハ ・ なみ	waves; billows; Poland	general
破	ハ ・ やぶる ・ やぶれる	rend; rip; tear; break; destroy; defeat; frustrate	general
馬	バ ・ うま ・ うま- ・ ま	horse	general
廃	ハイ ・ すたれる ・ すたる	abolish; obsolete; cessation; discarding; abandon	general
敗	ハイ ・ やぶれる	failure; defeat; reversal	general
背	ハイ ・ せ ・ せい ・ そむく ・ そむける	stature; height; back; behind; disobey; defy; go back on; rebel	general
倍	バイ	double; twice; times; fold	general
闘	トウ ・ たたかう ・ あらそう	fight; war	general
督	トク	coach; command; urge; lead; supervise	general
読	ドク ・ トク ・ トウ ・ よむ ・ -よみ	read	general
突	トツ ・ カ ・ つく	stab; protruding; thrusting; thrust; pierce; prick	general
届	カイ ・ とどける ・ -とどけ ・ とどく	deliver; reach; arrive; report; notify; forward	general
奈	ナ ・ ナイ ・ ダイ ・ いかん ・ からなし	Nara; what?	general
逃	トウ ・ にげる ・ にがす ・ のがす ・ のがれる	escape; flee; shirk; evade; set free	general
討	トウ ・ うつ	chastise; attack; defeat; destroy; conquer	general
踏	トウ ・ ふむ ・ ふまえる	step; trample; carry through; appraise; evade payment	general
倒	トウ ・ たおれる ・ -だおれ ・ たおす	overthrow; fall; collapse; drop; break down	general
等	トウ ・ ひとしい ・ など ・ -ら	etc.; and so forth; class (first); quality; equal; similar	general
登	トウ ・ ト ・ ドウ ・ ショウ ・ チョウ ・ のぼる ・ あがる	ascend; climb up	general
途	ト ・ みち	route; way; road	general
努	ド ・ つとめる	toil; diligent; as much as possible	general
徒	ト ・ いたずら ・ あだ	junior; emptiness; vanity; futility; uselessness; ephemeral thing; gang; set; party; people	general
庁	チョウ ・ テイ ・ やくしょ	government office	general
徴	チョウ ・ チ ・ しるし	indications; sign; omen; symptom; collect; seek; refer to; question	general
挑	チョウ ・ いどむ	challenge; contend for; make love to	general
聴	チョウ ・ テイ ・ きく ・ ゆるす	listen; headstrong; naughty; careful inquiry	general
超	チョウ ・ こえる ・ こす	transcend; super-; ultra-	general
賃	チン	fare; fee; hire; rent; wages; charge	general
痛	ツウ ・ いたい ・ いたむ ・ いたましい ・ いためる	pain; hurt; damage; bruise	general
塚	チョウ ・ つか ・ -づか	hillock; mound	general
停	テイ ・ とめる ・ とまる	halt; stopping	general
底	テイ ・ そこ	bottom; sole; depth; bottom price; base; kind; sort	general
庭	テイ ・ にわ	courtyard; garden; yard	general
程	テイ ・ ほど ・ -ほど	extent; degree; law; formula; distance; limits; amount	general
締	テイ ・ しまる ・ しまり ・ しめる ・ -しめ ・ -じめ	tighten; tie; shut; lock; fasten	general
邸	テイ ・ やしき	residence; mansion	general
摘	テキ ・ つむ	pinch; pick; pluck; trim; clip; summarize	general
適	テキ ・ かなう	suitable; occasional; rare; qualified; capable	general
徹	テツ	penetrate; clear; pierce; strike home; sit up (all night)	general
撤	テツ	remove; withdraw; disarm; dismantle; reject; exclude	general
鉄	テツ ・ くろがね	iron	general
天	テン ・ あまつ ・ あめ ・ あま-	heavens; sky; imperial	general
駐	チュウ	stop-over; reside in; resident	general
著	チョ ・ チャク ・ あらわす ・ いちじるしい	renowned; publish; write; remarkable; phenomenal; put on; don; wear; arrival; finish (race); counter for suits of clothing; literary work	general
値	チ ・ ね ・ あたい	price; cost; value	general
池	チ ・ いけ	pond; cistern; pool; reservoir	general
致	チ ・ いたす	doth; do; send; forward; cause; exert; incur; engage	general
遅	チ ・ おくれる ・ おくらす ・ おそい	slow; late; back; later	general
築	チク ・ きずく	fabricate; build; construct	general
竹	チク ・ たけ	bamboo	general
仲	チュウ ・ なか	go-between; relationship	general
択	タク ・ えらぶ	choose; select; elect; prefer	general
奪	ダツ ・ うばう	rob; take by force; snatch away; dispossess; plunder; usurp	general
脱	ダツ ・ ぬぐ ・ ぬげる	undress; removing; escape from; get rid of; be left out; take off	general
谷	コク ・ たに ・ きわまる	valley	general
単	タン ・ ひとえ	simple; one; single; merely	general
探	タン ・ さぐる ・ さがす	grope; search; look for	general
短	タン ・ みじかい	short; brevity; fault; defect; weak point	general
端	タン ・ はし ・ は ・ はた ・ -ばた ・ はな	edge; origin; end; point; border; verge; cape	general
弾	ダン ・ タン ・ ひく ・ -ひき ・ はずむ ・ たま ・ はじく ・ はじける ・ ただす ・ はじきゆみ	bullet; twang; flip; snap	general
逮	タイ	apprehend; chase	general
隊	タイ	regiment; party; company; squad	general
貸	タイ ・ かす ・ かし- ・ かし-	lend	general
帯	タイ ・ おびる ・ おび	sash; belt; obi; zone; region	general
替	タイ ・ かえる ・ かえ- ・ かわる	exchange; spare; substitute; per-	general
層	ソウ	stratum; social class; layer; story; floor	general
捜	ソウ ・ シュ ・ シュウ ・ さがす	search; look for; locate	general
草	ソウ ・ くさ ・ くさ- ・ -ぐさ	grass; weeds; herbs; pasture; write; draft	general
葬	ソウ ・ ほうむる	interment; bury; shelve	general
装	ソウ ・ ショウ ・ よそおう ・ よそおい	attire; dress; pretend; disguise; profess	general
走	ソウ ・ はしる	run	general
像	ゾウ	statue; picture; image; figure; portrait	general
臓	ゾウ ・ はらわた	entrails; viscera; bowels	general
促	ソク ・ うながす	stimulate; urge; press; demand; incite	general
則	ソク ・ のっとる	rule; follow; based on; model after	general
息	ソク ・ いき	breath; respiration; son; interest (on money)	general
束	ソク ・ たば ・ たばねる ・ つか ・ つかねる	bundle; sheaf; ream; tie in bundles; govern; manage; control	general
測	ソク ・ はかる	fathom; plan; scheme; measure	general
速	ソク ・ はやい ・ はや- ・ はやめる ・ すみやか	quick; fast	general
属	ゾク ・ ショク ・ さかん ・ つく ・ やから	belong; genus; subordinate official; affiliated	general
卒	ソツ ・ シュツ ・ そっする ・ おえる ・ おわる ・ ついに ・ にわか	graduate; soldier; private; die	general
存	ソン ・ ゾン	suppose; be aware of; believe; feel	general
損	ソン ・ そこなう ・ そこなう ・ -そこなう ・ そこねる ・ -そこねる	damage; loss; disadvantage; hurt; injure	general
他	タ ・ ほか	other; another; the others	general
太	タイ ・ タ ・ ふとい ・ ふとる	plump; thick; big around	general
素	ソ ・ ス ・ もと	elementary; principle; naked; uncovered	general
創	ソウ ・ ショウ ・ つくる ・ はじめる ・ きず ・ けずしける	genesis; wound; injury; hurt; start; originate	general
喪	ソウ ・ も	miss; mourning	general
析	セキ	chop; divide; tear; analyze	general
積	セキ ・ つむ ・ -づみ ・ つもる ・ つもり	volume; product (x*y); acreage; contents; pile up; stack; load; amass	general
籍	セキ	enroll; domiciliary register; membership	general
績	セキ	exploits; unreeling cocoons	general
責	セキ ・ せめる	blame; condemn; censure	general
赤	セキ ・ シャク ・ あか ・ あか- ・ あかい ・ あからむ ・ あからめる	red	general
跡	セキ ・ あと	tracks; mark; print; impression	general
接	セツ ・ ショウ ・ つぐ	touch; contact; adjoin; piece together	general
折	セツ ・ おる ・ おり ・ おり ・ -おり ・ おれる	fold; break; fracture; bend; yield; submit	general
節	セツ ・ セチ ・ ふし ・ -ぶし ・ のっと	node; season; period; occasion; verse; clause; stanza; honor; joint; knuckle; knob; knot; tune; melody	general
絶	ゼツ ・ たえる ・ たやす ・ たつ	discontinue; beyond; sever; cut off; abstain; interrupt; suppress	general
占	セン ・ しめる ・ うらなう	fortune-telling; divining; forecasting; occupy; hold; have; get; take	general
宣	セン ・ のたまう ・ のたまわく	proclaim; say; announce	general
専	セン ・ もっぱら	specialty; exclusive; mainly; solely	general
染	セン ・ そめる ・ -ぞめ ・ -ぞめ ・ そまる ・ しみる ・ -じみる ・ しみ ・ -しめる	dye; color; paint; stain; print	general
船	セン ・ ふね ・ ふな-	ship; boat	general
善	ゼン ・ よい ・ いい ・ よく ・ よしとする	virtuous; good; goodness	general
措	ソ ・ おく	set aside; give up; suspend; discontinue; lay aside; except	general
狙	ソ ・ ショ ・ ねらう ・ ねらい	aim at; sight; shadow; stalk	general
星	セイ ・ ショウ ・ ほし ・ -ぼし	star; spot; dot; mark	general
清	セイ ・ ショウ ・ シン ・ きよい ・ きよまる ・ きよめる	pure; purify; cleanse; exorcise; Manchu dynasty	general
盛	セイ ・ ジョウ ・ もる ・ さかる ・ さかん	boom; prosper; copulate	general
精	セイ ・ ショウ ・ シヤウ	refined; ghost; fairy; energy; vitality; semen; excellence; purity; skill	general
請	セイ ・ シン ・ ショウ ・ こう ・ うける	solicit; invite; ask	general
青	セイ ・ ショウ ・ あお ・ あお- ・ あおい	blue; green	general
静	セイ ・ ジョウ ・ しず- ・ しずか ・ しずまる ・ しずめる	quiet	general
図	ズ ・ ト ・ え ・ はかる	map; drawing; plan; unexpected; accidentally	general
推	スイ ・ おす	conjecture; infer; guess; suppose; support	general
譲	ジョウ ・ ゆずる	defer; turnover; transfer; convey	general
植	ショク ・ うえる ・ うわる	plant	general
織	ショク ・ シキ ・ おる ・ おり ・ おり ・ -おり ・ -おり	weave; fabric	general
色	ショク ・ シキ ・ いろ	color	general
触	ショク ・ ふれる ・ さわる ・ さわ	contact; touch; feel; hit; proclaim; announce; conflict	general
伸	シン ・ のびる ・ のばす ・ のべる ・ のす	expand; stretch; extend; lengthen; increase	general
慎	シン ・ つつしむ ・ つつし ・ つつしみ	humility; be careful; discrete; prudent	general
振	シン ・ ふる ・ ぶる ・ ふり ・ -ぶり ・ ふるう	shake; wave; wag; swing	general
森	シン ・ もり	forest; woods	general
針	シン ・ はり	needle; pin; staple; stinger	general
震	シン ・ ふるう ・ ふるえる	quake; shake; tremble; quiver; shiver	general
陣	ジン	camp; battle array; ranks; position	general
城	ジョウ ・ しろ	castle	general
順	ジュン	obey; order; turn; right; docility; occasion	general
処	ショ ・ ところ ・ -こ ・ おる	dispose; manage; deal with; sentence; condemn; act; behave; place	general
緒	ショ ・ チョ ・ お ・ いとぐち	thong; beginning; inception; end; cord; strap	general
署	ショ	signature; govt office; police station	general
諸	ショ ・ もろ	various; many; several; together	general
除	ジョ ・ ジ ・ のぞく ・ -よけ	exclude; division (x/3); remove; abolish; cancel; except	general
傷	ショウ ・ きず ・ いたむ ・ いためる	wound; hurt; injure; impair; pain; injury; cut; gash; scar; weak point	general
償	ショウ ・ つぐなう	reparation; make up for; recompense; redeem	general
将	ショウ ・ ソウ ・ まさに ・ はた ・ まさ ・ ひきいる ・ もって	leader; commander; general; admiral; or; and again; soon; from now on; just about	general
承	ショウ ・ ジョウ ・ うけたまわる ・ うける ・ ささげる ・ とどめる ・ たすける ・ こらす ・ ついで ・ すくう	acquiesce; hear; listen to; be informed; receive	general
招	ショウ ・ まねく	beckon; invite; summon; engage	general
昇	ショウ ・ のぼる	rise up	general
昭	ショウ	shining; bright	general
焼	ショウ ・ やく ・ やき ・ やき- ・ -やき ・ やける	bake; burning	general
焦	ショウ ・ こげる ・ こがす ・ こがれる ・ あせる	char; hurry; impatient; irritate; burn; scorch; singe	general
省	セイ ・ ショウ ・ かえりみる ・ はぶく	focus; government ministry; conserve	general
称	ショウ ・ たたえる ・ となえる ・ あげる ・ かなう ・ はかり ・ はかる ・ ほめる	appellation; praise; admire; name; title; fame	general
章	ショウ	badge; chapter; composition; poem; design	general
笑	ショウ ・ わらう ・ えむ	laugh	general
紹	ショウ	introduce; inherit; help	general
衝	ショウ ・ つく	collide; brunt; highway; opposition (astronomy); thrust; pierce; stab; prick	general
障	ショウ ・ さわる	hinder; hurt; harm	general
縮	シュク ・ ちぢむ ・ ちぢまる ・ ちぢめる ・ ちぢれる ・ ちぢらす	shrink; contract; shrivel; wrinkle; reduce	general
春	シュン ・ はる	springtime; spring (season)	general
習	シュウ ・ ジュ ・ ならう ・ ならい	learn	general
週	シュウ	week	general
充	ジュウ ・ あてる ・ みたす	allot; fill	general
従	ジュウ ・ ショウ ・ ジュ ・ したがう ・ したがえる ・ より	accompany; obey; submit to; comply; follow; secondary; incidental; subordinate	general
宿	シュク ・ やど ・ やどる ・ やどす	inn; lodging; relay station; dwell; lodge; be pregnant; home; dwelling	general
授	ジュ ・ さずける ・ さずかる	impart; instruct; grant; confer	general
樹	ジュ ・ き	timber trees; wood	general
需	ジュ	demand; request; need	general
周	シュウ ・ まわり	circumference; circuit; lap	general
宗	シュウ ・ ソウ ・ むね	religion; sect; denomination; main point; origin; essence	general
就	シュウ ・ ジュ ・ つく ・ つける	concerning; settle; take position; depart; study; per	general
修	シュウ ・ シュ ・ おさめる ・ おさまる	discipline; conduct oneself well; study; master	general
秀	シュウ ・ ひいでる	excel; excellence; beauty; surpass	general
秋	シュウ ・ あき ・ とき	autumn	general
弱	ジャク ・ よわい ・ よわる ・ よわまる ・ よわめる	weak; frail	general
射	シャ ・ いる ・ さす	shoot; shine into; onto; archery	general
借	シャク ・ かりる	borrow; rent	general
辞	ジ ・ やめる ・ いなむ	resign; word; term; expression	general
鹿	ロク ・ しか ・ か	deer	general
執	シツ ・ シュウ ・ とる	tenacious; take hold; grasp; take to heart	general
室	シツ ・ むろ	room; apartment; chamber; greenhouse; cellar	general
誌	シ	document; records	general
似	ジ ・ にる ・ ひる	becoming; resemble; counterfeit; imitate; suitable	general
児	ジ ・ ニ ・ ゲイ ・ こ ・ -こ ・ -っこ	newborn babe; child; young of animals	general
寺	ジ ・ てら	Buddhist temple	general
紙	シ ・ かみ	paper	general
至	シ ・ いたる	climax; arrive; proceed; reach; attain; result in	general
史	シ	history; chronicle	general
士	シ	gentleman; samurai; samurai radical (no. 33)	general
師	シ ・ ス ・ もろもろ ・ ならう	expert; teacher; master; model; exemplar; army (incl. counter); war	general
志	シ ・ シリング ・ こころざす ・ こころざし	intention; plan; resolve; aspire; motive; hopes; shilling	general
散	サン ・ ちる ・ ちらす ・ -ちらす ・ ちらかす ・ ちらかる ・ ばら	scatter; disperse; spend; squander	general
賛	サン ・ たすける ・ たたえる	approve; praise; title or inscription on picture; assist; agree with	general
司	シ ・ つかさどる	director; official; govt office; rule; administer	general
札	サツ ・ ふだ	tag; paper money; counter for bonds; placard; bid	general
殺	サツ ・ サイ ・ セツ ・ ころす ・ -ごろし ・ そぐ	kill; murder; butcher; slice off; split; diminish; reduce; spoil	general
雑	ザツ ・ ゾウ ・ まじえる ・ まじる	miscellaneous	general
細	サイ ・ ほそい ・ ほそる ・ こまか ・ こまかい	dainty; get thin; taper; slender; narrow	general
載	サイ ・ のせる ・ のる	ride; board; get on; place; spread; 10**44	general
材	ザイ	lumber; log; timber; wood; talent	general
罪	ザイ ・ つみ	guilt; sin; crime; fault; blame; offense	general
坂	ハン ・ さか	slope; incline; hill	general
阪	ハン ・ さか	heights; slope	general
崎	キ ・ さき ・ さい ・ みさき	promontory; cape; spit	general
埼	キ ・ さき ・ さい ・ みさき	cape; spit; promontory	general
削	サク ・ けずる ・ はつる ・ そぐ	plane; sharpen; whittle; pare	general
左	サ ・ シャ ・ ひだり	left	general
座	ザ ・ すわる	squat; seat; cushion; gathering; sit	general
債	サイ	bond; loan; debt	general
催	サイ ・ もようす ・ もよおす	sponsor; hold (a meeting); give (a dinner)	general
妻	サイ ・ つま	wife; spouse	general
採	サイ ・ とる	pick; take; fetch; take up	general
災	サイ ・ わざわい	disaster; calamity; woe; curse; evil	general
講	コウ	lecture; club; association	general
貢	コウ ・ ク ・ みつぐ	tribute; support; finance	general
購	コウ	subscription; buy	general
降	コウ ・ ゴ ・ おりる ・ おろす ・ ふる ・ ふり ・ くだる ・ くだす	descend; precipitate; fall; surrender	general
項	コウ ・ うなじ	paragraph; nape of neck; clause; item; term (expression)	general
香	コウ ・ キョウ ・ か ・ かおり ・ かおる	incense; smell; perfume	general
号	ゴウ ・ さけぶ ・ よびな	nickname; number; item; title; pseudonym; name; call	general
刻	コク ・ きざむ ・ きざみ	engrave; cut fine; chop; hash; mince; time; carving	general
黒	コク ・ くろ ・ くろずむ ・ くろい	black	general
骨	コツ ・ ほね	skeleton; bone; remains; frame	general
込	-こむ ・ こむ ・ こみ ・ -こみ ・ こめる	crowded; mixture; in bulk; included; (kokuji)	general
困	コン ・ こまる	quandary; become distressed; annoyed	general
婚	コン	marriage	general
根	コン ・ ね ・ -ね	root; radical; head (pimple)	general
混	コン ・ まじる ・ -まじり ・ まざる ・ まぜる ・ こむ	mix; blend; confuse	general
更	コウ ・ さら ・ さらに ・ ふける ・ ふかす	grow late; night watch; sit up late; of course	general
江	コウ ・ え	creek; inlet; bay	general
皇	コウ ・ オウ	emperor	general
航	コウ	navigate; sail; cruise; fly	general
攻	コウ ・ せめる	aggression; attack	general
功	コウ ・ ク ・ いさお	achievement; merits; success; honor; credit	general
効	コウ ・ きく ・ ききめ ・ ならう	merit; efficacy; efficiency; benefit	general
厚	コウ ・ あつい ・ あか	thick; heavy; rich; kind; cordial; brazen; shameless	general
幸	コウ ・ さいわい ・ さち ・ しあわせ	happiness; blessing; fortune	general
康	コウ	ease; peace	general
抗	コウ ・ あらがう	confront; resist; defy; oppose	general
控	コウ ・ ひかえる ・ ひかえ	withdraw; draw in; hold back; refrain from; be moderate	general
候	コウ ・ そうろう	climate; season; weather	general
光	コウ ・ ひかる ・ ひかり	ray; light	general
雇	コ ・ やとう	employ; hire	general
互	ゴ ・ たがい ・ かたみに	mutually; reciprocally; together	general
古	コ ・ ふるい ・ ふる- ・ -ふるす	old	general
固	コ ・ かためる ・ かたまる ・ かたまり ・ かたい	harden; set; clot; curdle	general
庫	コ ・ ク ・ くら	warehouse; storehouse	general
戸	コ ・ と	door; counter for houses; door radical (no. 63)	general
故	コ ・ ゆえ ・ ふるい ・ もと	happenstance; especially; intentionally; reason; cause; circumstances; the late; therefore; consequently	general
系	ケイ	lineage; system	general
継	ケイ ・ つぐ ・ まま-	inherit; succeed; patch; graft (tree)	general
軽	ケイ ・ かるい ・ かろやか ・ かろんじる	lightly; trifling; unimportant	general
芸	ゲイ ・ ウン ・ うえる ・ のり ・ わざ	technique; art; craft; performance; acting; trick; stunt	general
迎	ゲイ ・ むかえる	welcome; meet; greet	general
劇	ゲキ	drama; play	general
激	ゲキ ・ はげしい	violent; get excited; enraged; chafe; incite	general
欠	ケツ ・ ケン ・ かける ・ かく	lack; gap; fail; yawning radical (no. 76)	general
血	ケツ ・ ち	blood	general
健	ケン ・ すこやか	healthy; health; strength; persistence	general
券	ケン	ticket	general
憲	ケン	constitution; law	general
懸	ケン ・ ケ ・ かける ・ かかる	suspend; hang; 10%; install; depend; consult	general
献	ケン ・ コン ・ たてまつる	offering; counter for drinks; present; offer	general
遣	ケン ・ つかう ・ -つかい ・ -づかい ・ つかわす ・ やる	dispatch; despatch; send; give; donate; do; undertake	general
険	ケン ・ けわしい	precipitous; inaccessible place; impregnable position; steep place; sharp eyes	general
厳	ゲン ・ ゴン ・ おごそか ・ きびしい ・ いかめしい ・ いつくし	stern; strictness; severity; rigidity	general
源	ゲン ・ みなもと	source; origin	general
契	ケイ ・ ちぎる	pledge; promise; vow	general
恵	ケイ ・ エ ・ めぐむ ・ めぐみ	favor; blessing; grace; kindness	general
掲	ケイ ・ かかげる	put up (a notice); put up; hoist; display; hang out; publish; describe	general
筋	キン ・ すじ	muscle; sinew; tendon; fiber; plot; plan; descent	general
緊	キン ・ しめる ・ しまる	tense; solid; hard; reliable; tight	general
苦	ク ・ くるしい ・ -ぐるしい ・ くるしむ ・ くるしめる ・ にがい ・ にがる	suffering; trial; worry; hardship; feel bitter; scowl	general
具	グ ・ そなえる ・ つぶさに	tool; utensil; means; possess; ingredients; counter for armor, suits, sets of furniture	general
繰	ソウ ・ くる	winding; reel; spin; turn (pages); look up; refer to	general
君	クン ・ きみ ・ -ぎみ	old boy; name-suffix	general
郡	グン ・ こうり	county; district	general
傾	ケイ ・ かたむく ・ かたむける ・ かたぶく ・ かたげる ・ かしげる	lean; incline; tilt; trend; wane; sink; ruin; bias	general
刑	ケイ	punish; penalty; sentence; punishment	general
橋	キョウ ・ はし	bridge	general
興	コウ ・ キョウ ・ おこる ・ おこす	entertain; revive; retrieve; interest; pleasure	general
響	キョウ ・ ひびく	echo; also N5116; sound; resound; ring; vibrate	general
曲	キョク ・ まがる ・ まげる ・ くま	bend; music; melody; composition; pleasure; injustice; fault; curve; crooked; perverse; lean	general
玉	ギョク ・ たま ・ たま- ・ -だま	jewel; ball	general
勤	キン ・ ゴン ・ つとめる ・ -づとめ ・ つとまる ・ いそしむ	diligence; become employed; serve	general
均	キン ・ ならす	level; average	general
禁	キン	prohibition; ban; forbid	general
恐	キョウ ・ おそれる ・ おそる ・ おそろしい ・ こわい ・ こわがる	fear; dread; awe	general
巨	キョ	gigantic; big; large; great	general
拒	キョ ・ ゴ ・ こばむ	repel; refuse; reject; decline	general
拠	キョ ・ コ ・ よる	foothold; based on; follow; therefore	general
許	キョ ・ ゆるす ・ もと	permit; approve	general
競	キョウ ・ ケイ ・ きそう ・ せる	emulate; compete with; bid; sell at auction; bout; contest; race	general
居	キョ ・ コ ・ いる ・ -い ・ おる	reside; to be; exist; live with	general
旧	キュウ ・ ふるい ・ もと	old times; old things; old friend; former; ex-	general
給	キュウ ・ たまう ・ たもう ・ -たまえ	salary; wage; gift; allow; grant; bestow on	general
季	キ	seasons	general
紀	キ	chronicle; account; narrative; history; annals; geologic period	general
貴	キ ・ たっとい ・ とうとい ・ たっとぶ ・ とうとぶ	precious; value; prize; esteem; honor	general
儀	ギ	ceremony; rule; affair; case; a matter	general
吉	キチ ・ キツ ・ よし	good luck; joy; congratulations	general
却	キャク ・ かえって ・ しりぞく ・ しりぞける	instead; on the contrary; rather	general
客	キャク ・ カク	guest; visitor; customer; client	general
逆	ギャク ・ ゲキ ・ さか ・ さかさ ・ さからう	inverted; reverse; opposite; wicked	general
久	キュウ ・ ク ・ ひさしい	long time; old story	general
休	キュウ ・ やすむ ・ やすまる ・ やすめる	rest; day off; retire; sleep	general
及	キュウ ・ およぶ ・ および ・ および ・ およぼす	reach out; exert; exercise; cause	general
救	キュウ ・ すくう	salvation; save; help; rescue; reclaim	general
級	キュウ	class; rank; grade	general
帰	キ ・ かえる ・ かえす ・ おくる ・ とつぐ	homecoming; arrive at; lead to; result in	general
寄	キ ・ よる ・ -より ・ よせる	draw near; stop in; bring near; gather; collect; send; forward	general
希	キ ・ ケ ・ まれ	hope; beg; request; pray; beseech; Greece; dilute (acid); rare; few; phenomenal	general
揮	キ ・ ふるう	brandish; wave; wag; swing; shake	general
棄	キ ・ すてる	abandon; throw away; discard; resign; reject; sacrifice	general
喜	キ ・ よろこぶ ・ よろこばす	rejoice; take pleasure in	general
器	キ ・ うつわ	utensil; vessel; receptacle; implement; instrument; ability; container; tool; set	general
館	カン ・ やかた ・ たて	building; mansion; large building; palace	general
丸	ガン ・ まる ・ まるめる ・ まるい	round; full; month; perfection; -ship; pills; make round; roll up; curl up; seduce; explain away	general
岸	ガン ・ きし	beach	general
岩	ガン ・ いわ	boulder; rock; cliff	general
顔	ガン ・ かお	face; expression	general
願	ガン ・ ねがう ・ -ねがい	petition; request; vow; wish; hope	general
危	キ ・ あぶない ・ あやうい ・ あやぶむ	dangerous; fear; uneasy	general
還	カン ・ かえる	send back; return	general
管	カン ・ くだ	pipe; tube; wind instrument; drunken talk	general
簡	カン	simplicity; brevity	general
緩	カン ・ ゆるい ・ ゆるやか ・ ゆるむ ・ ゆるめる	slacken; loosen; relax; lessen; be moderate; ease	general
刊	カン	publish; carve; engrave	general
巻	カン ・ ケン ・ まく ・ まき ・ まき	scroll; volume; book; part; roll up; wind up; tie; coil; counter for texts (or book scrolls)	general
完	カン	perfect; completion; end	general
患	カン ・ わずらう	afflicted; disease; suffer from; be ill	general
換	カン ・ かえる ・ -かえる ・ かわる	interchange; period; charge; change?	general
絵	カイ ・ エ	picture; drawing; painting; sketch	general
階	カイ ・ きざはし	storey; stair; counter for storeys of a building	general
街	ガイ ・ カイ ・ まち	boulevard; street; town	general
拡	カク ・ コウ ・ ひろがる ・ ひろげる ・ ひろめる	broaden; extend; expand; enlarge	general
獲	カク ・ える	seize; get; find; earn; acquire; can; may; able to	general
覚	カク ・ おぼえる ・ さます ・ さめる ・ さとる	memorize; learn; remember; awake; sober up	general
角	カク ・ かど ・ つの	angle; corner; square; horn; antlers	general
壊	カイ ・ エ ・ こわす ・ こわれる ・ やぶる	demolition; break; destroy	general
右	ウ ・ ユウ ・ みぎ	right	general
宇	ウ	eaves; roof; house; heaven	general
羽	ウ ・ は ・ わ ・ はね	feathers; counter for birds, rabbits	general
雨	ウ ・ あめ ・ あま- ・ -さめ	rain	general
浦	ホ ・ うら	bay; creek; inlet; gulf; beach; seacoast	general
栄	エイ ・ ヨウ ・ さかえる ・ はえ ・ -ばえ ・ はえる ・ え	flourish; prosperity; honor; glory; splendor	general
永	エイ ・ ながい	eternity; long; lengthy	general
益	エキ ・ ヤク ・ ます	benefit; gain; profit; advantage	general
駅	エキ	station	general
越	エツ ・ オツ ・ こす ・ -こす ・ -ごし ・ こえる ・ -ごえ	surpass; cross over; move to; exceed; Vietnam	general
園	エン ・ その	park; garden; yard; farm	general
延	エン ・ のびる ・ のべる ・ のべ ・ のばす	prolong; stretching	general
遠	エン ・ オン ・ とおい	distant; far	general
汚	オ ・ けがす ・ けがれる ・ けがらわしい ・ よごす ・ よごれる ・ きたない	dirty; pollute; disgrace; rape; defile	general
央	オウ	center; middle	general
押	オウ ・ おす ・ おし- ・ おっ- ・ おさえる ・ おさえる	push; stop; check; subdue; attach; seize; weight; shove; press; seal; do in spite of	general
王	オウ ・ -ノウ	king; rule; magnate	general
沖	チュウ ・ おき ・ おきつ ・ ちゅうする ・ わく	open sea; offing; rise high into sky	general
億	オク	hundred million; 10**8	general
屋	オク ・ や	roof; house; shop; dealer; seller	general
温	オン ・ あたたか ・ あたたかい ・ あたたまる ・ あたためる ・ ぬく	warm	general
夏	カ ・ ガ ・ ゲ ・ なつ	summer	general
科	カ	department; course; section	general
歌	カ ・ うた ・ うたう	song; sing	general
河	カ ・ かわ	river	general
火	カ ・ ひ ・ -び ・ ほ-	fire	general
花	カ ・ ケ ・ はな	flower	general
貨	カ ・ たから	freight; goods; property	general
我	ガ ・ われ ・ わ ・ わが- ・ わが-	ego; I; selfish; our; oneself	general
介	カイ	jammed in; shellfish; mediate; concern oneself with	general
愛	アイ ・ いとしい ・ かなしい ・ めでる ・ おしむ ・ まな	love; affection; favourite	general
悪	アク ・ オ ・ わるい ・ わる- ・ あし ・ にくい ・ -にくい ・ ああ ・ いずくに ・ いずくんぞ ・ にくむ	bad; vice; rascal; false; evil; wrong	general
圧	アツ ・ エン ・ オウ ・ おす ・ へす ・ おさえる ・ おさえる	pressure; push; overwhelm; oppress; dominate	general
伊	イ ・ かれ	Italy; that one	general
依	イ ・ エ ・ よる	reliant; depend on; consequently; therefore; due to	general
囲	イ ・ かこむ ・ かこう ・ かこい	surround; besiege; store; paling; enclosure; encircle; preserve; keep	general
易	エキ ・ イ ・ やさしい ・ やすい	easy; ready to; simple; fortune-telling; divination	general
為	イ ・ ため ・ なる ・ なす ・ する ・ たり ・ つくる ・ なり	do; change; make; benefit; welfare; be of use; reach to; try; practice; cost; serve as; good; advantage; as a result of	general
異	イ ・ こと ・ ことなる ・ け	uncommon; queerness; strangeness; wonderful; curious; unusual	general
維	イ	fiber; tie; rope	general
遺	イ ・ ユイ ・ のこす	bequeath; leave behind; reserve	general
印	イン ・ しるし ・ -じるし ・ しるす	stamp; seal; mark; imprint; symbol; emblem; trademark; evidence; souvenir; India	general
因	イン ・ よる ・ ちなむ	cause; factor; be associated with; depend on; be limited to	general
飲	イン ・ オン ・ のむ ・ -のみ	drink; smoke; take	general
